"","v-1","v-2","v-3","v-4","v-5","v-6","v-7","v-8","v-9","v-10","v-11","v-12","v-13","v-14","v-15","v-16","v-17","v-18","v-19","v-20","v-21","v-22","v-23","v-24","v-25","v-26","v-27","v-28","v-29","v-30","v-31","v-32","v-33","v-34","v-35","v-36","v-37","v-38","v-39","v-40","v-41","v-42","v-43","v-44","v-45","v-46","v-47","v-48","v-49","v-50","v-51","v-52","v-53","v-54","v-55","v-56","v-57","v-58","v-59","v-60","v-61","v-62","v-63","v-64","v-65","v-66","v-67","v-68","v-69","v-70","v-71","v-72","v-73","v-74","v-75","v-76","v-77","v-78","v-79","v-80","v-81","v-82","v-83","v-84","v-85","v-86","v-87","v-88","v-89","v-90","v-91","v-92","v-93","v-94","v-95","v-96","v-97","v-98","v-99","v-100"
"v-1",NA,0.0236,0.0204,0.0216,0.0172,0.0187,0.0203,0.0196,0.0177,0.0207,0.0202,0.0211,0.022,0.0195,0.022,0.0195,0.0229,0.02,0.0202,0.0199,0.0209,0.02,0.0196,0.0235,0.0187,0.0217,0.021,0.0207,0.0183,0.0225,0.0216,0.0186,0.0209,0.0192,0.0201,0.0191,0.02,0.0168,0.0194,0.0191,0.0182,0.0222,0.0196,0.0187,0.017,0.0192,0.0199,0.0179,0.018,0.0212,0.0207,0.0209,0.0171,0.0221,0.021,0.0209,0.0193,0.02,0.0216,0.0193,0.0205,0.021,0.0224,0.0186,0.0224,0.0205,0.0213,0.0185,0.0203,0.0211,0.0189,0.0199,0.0214,0.021,0.0184,0.0216,0.0205,0.022,0.0207,0.0169,0.0191,0.0184,0.0216,0.0218,0.0227,0.0202,0.0204,0.0229,0.0198,0.0203,0.0175,0.0206,0.0181,0.021,0.0202,0.0214,0.0222,0.0213,0.0208,0.0206
"v-2",0.0236,NA,0.0201,0.0206,0.0184,0.0213,0.0214,0.018,0.0213,0.0194,0.0207,0.0211,0.0206,0.0205,0.0208,0.0226,0.0211,0.0205,0.0196,0.0224,0.0217,0.0214,0.0214,0.0206,0.0217,0.0225,0.0195,0.0197,0.0189,0.0219,0.0184,0.0185,0.0216,0.0193,0.0197,0.0182,0.021,0.0187,0.0224,0.0195,0.021,0.0217,0.0213,0.0209,0.0198,0.0199,0.0166,0.0186,0.0199,0.019,0.0219,0.0208,0.0215,0.0213,0.0185,0.021,0.0201,0.0218,0.0187,0.0187,0.0196,0.0186,0.0167,0.0209,0.0208,0.0225,0.023,0.0191,0.019,0.0236,0.0192,0.0186,0.019,0.0189,0.0199,0.0207,0.0178,0.0213,0.0201,0.0171,0.0194,0.02,0.0217,0.021,0.0194,0.0204,0.0191,0.0175,0.0198,0.0192,0.0225,0.0197,0.0179,0.0203,0.02,0.0208,0.02,0.018,0.0228,0.0186
"v-3",0.0204,0.0201,NA,0.021,0.0205,0.0209,0.0204,0.0187,0.0201,0.019,0.0195,0.023,0.0208,0.0207,0.0224,0.0194,0.0195,0.0192,0.0215,0.0184,0.0208,0.0202,0.0214,0.0235,0.0216,0.0232,0.0202,0.0178,0.0207,0.0189,0.0187,0.0212,0.0207,0.0204,0.0239,0.0217,0.0221,0.0169,0.0189,0.0223,0.0209,0.0194,0.0201,0.019,0.0199,0.0216,0.0202,0.018,0.0198,0.0195,0.0173,0.0214,0.0187,0.0187,0.0186,0.0185,0.0209,0.0207,0.0221,0.0202,0.0204,0.0207,0.0191,0.0218,0.0217,0.0203,0.0211,0.0177,0.0196,0.0208,0.0179,0.0169,0.0202,0.0189,0.0206,0.0186,0.0206,0.021,0.0201,0.02,0.0222,0.0188,0.019,0.0214,0.0206,0.0216,0.0217,0.0173,0.0216,0.0213,0.019,0.02,0.0195,0.0212,0.0204,0.0186,0.0204,0.0228,0.0202,0.0182
"v-4",0.0216,0.0206,0.021,NA,0.0205,0.021,0.0189,0.0178,0.021,0.0202,0.021,0.0194,0.0197,0.0204,0.0209,0.0206,0.0198,0.0221,0.0214,0.021,0.0181,0.0221,0.019,0.0191,0.0213,0.0202,0.019,0.0231,0.0209,0.0213,0.0219,0.0181,0.0198,0.0225,0.0206,0.0222,0.0204,0.0212,0.0211,0.0192,0.0167,0.0178,0.0193,0.0241,0.02,0.0203,0.0214,0.0229,0.0213,0.0201,0.0197,0.0197,0.0202,0.0189,0.0221,0.0168,0.0195,0.0194,0.0196,0.0186,0.0213,0.0189,0.0204,0.0169,0.0178,0.0209,0.0218,0.0214,0.018,0.0215,0.0206,0.0206,0.0184,0.0187,0.0193,0.0202,0.0214,0.0213,0.0195,0.0202,0.0197,0.0221,0.0192,0.0196,0.0208,0.0193,0.0215,0.0205,0.0209,0.0184,0.0216,0.021,0.022,0.0205,0.0185,0.0173,0.0171,0.0211,0.0232,0.0213
"v-5",0.0172,0.0184,0.0205,0.0205,NA,0.019,0.0167,0.0196,0.0203,0.0199,0.0222,0.0204,0.0195,0.0215,0.0201,0.0212,0.0193,0.0189,0.023,0.019,0.0207,0.0211,0.0198,0.0224,0.0199,0.0178,0.0188,0.022,0.0229,0.0194,0.0193,0.0197,0.0208,0.0234,0.0198,0.023,0.0166,0.0243,0.023,0.0196,0.0188,0.0196,0.0188,0.0182,0.0228,0.0196,0.022,0.0211,0.0206,0.0216,0.0207,0.0229,0.0215,0.0167,0.022,0.0192,0.019,0.0196,0.0212,0.0194,0.0239,0.0211,0.0192,0.0186,0.0219,0.0191,0.0202,0.0209,0.0192,0.0207,0.0221,0.023,0.0201,0.0253,0.0202,0.0208,0.0218,0.0211,0.0187,0.0198,0.0189,0.02,0.0204,0.0178,0.0177,0.0191,0.0212,0.0172,0.0235,0.0187,0.0199,0.0222,0.0205,0.0207,0.0223,0.019,0.0184,0.0202,0.022,0.0206
"v-6",0.0187,0.0213,0.0209,0.021,0.019,NA,0.0204,0.0205,0.0185,0.0205,0.0202,0.0192,0.0182,0.0225,0.0199,0.0179,0.0197,0.0222,0.0206,0.0189,0.0206,0.0223,0.0208,0.0203,0.0176,0.0189,0.0183,0.0191,0.022,0.0173,0.0209,0.0178,0.0187,0.022,0.0211,0.0243,0.0183,0.0211,0.023,0.0211,0.0174,0.0191,0.0213,0.0208,0.0225,0.0177,0.0211,0.0216,0.0204,0.0199,0.0201,0.0196,0.0195,0.0194,0.02,0.0195,0.0201,0.0203,0.0209,0.0182,0.0214,0.0192,0.0207,0.0198,0.0186,0.0183,0.0203,0.0193,0.0185,0.0233,0.0214,0.0204,0.0181,0.0191,0.0201,0.0214,0.0211,0.0201,0.0199,0.0198,0.0173,0.0185,0.0202,0.0193,0.02,0.0199,0.0197,0.0191,0.0244,0.0199,0.0205,0.0194,0.0229,0.0202,0.0233,0.0203,0.0187,0.0215,0.0227,0.0201
"v-7",0.0203,0.0214,0.0204,0.0189,0.0167,0.0204,NA,0.0218,0.0199,0.0216,0.0215,0.0192,0.0202,0.0213,0.0221,0.0207,0.0186,0.022,0.0189,0.0189,0.0194,0.0217,0.0209,0.0192,0.02,0.0196,0.0204,0.0197,0.0195,0.0191,0.0183,0.02,0.0195,0.0206,0.0197,0.021,0.0202,0.0197,0.0219,0.0201,0.0188,0.0211,0.0218,0.0223,0.0179,0.0186,0.0205,0.0174,0.0189,0.0176,0.0197,0.0183,0.0185,0.021,0.0227,0.0206,0.0227,0.0187,0.0224,0.021,0.0206,0.0198,0.022,0.0204,0.0192,0.0198,0.0219,0.0206,0.0194,0.0221,0.02,0.02,0.0205,0.018,0.0212,0.022,0.0186,0.0203,0.0218,0.0198,0.0236,0.0211,0.0201,0.0207,0.0213,0.0208,0.0204,0.0205,0.019,0.02,0.0202,0.0182,0.018,0.0161,0.0198,0.0216,0.0192,0.0215,0.0198,0.0194
"v-8",0.0196,0.018,0.0187,0.0178,0.0196,0.0205,0.0218,NA,0.0198,0.0195,0.0193,0.0187,0.0198,0.0181,0.0177,0.0194,0.0213,0.0226,0.0204,0.0217,0.0208,0.0221,0.0205,0.0199,0.0224,0.0195,0.0188,0.0203,0.0226,0.0205,0.0201,0.019,0.021,0.0208,0.0196,0.0196,0.0158,0.0172,0.02,0.0208,0.0204,0.0197,0.0191,0.0207,0.0187,0.0234,0.0189,0.0228,0.0216,0.0211,0.0193,0.021,0.0214,0.0198,0.0213,0.0188,0.0184,0.02,0.0205,0.0206,0.0205,0.0219,0.0221,0.0205,0.0179,0.019,0.0215,0.0198,0.0228,0.0229,0.0197,0.0179,0.0213,0.0194,0.0205,0.0202,0.0208,0.0198,0.0172,0.0189,0.0223,0.0216,0.0198,0.0195,0.0189,0.0159,0.0192,0.0186,0.017,0.0215,0.0188,0.0188,0.0227,0.0186,0.0194,0.0207,0.0214,0.0202,0.0213,0.0187
"v-9",0.0177,0.0213,0.0201,0.021,0.0203,0.0185,0.0199,0.0198,NA,0.0199,0.0176,0.019,0.0194,0.0183,0.0209,0.0195,0.0203,0.0211,0.0212,0.0208,0.0179,0.0192,0.02,0.0187,0.0192,0.0197,0.0205,0.0184,0.0202,0.0193,0.0208,0.0227,0.0196,0.0192,0.0211,0.0225,0.0204,0.0218,0.0216,0.0194,0.0199,0.0175,0.0197,0.0203,0.0199,0.0213,0.0215,0.0222,0.0201,0.0212,0.0187,0.0215,0.0217,0.0206,0.0182,0.0194,0.0188,0.0226,0.0205,0.0221,0.0202,0.0198,0.0205,0.0206,0.0197,0.0235,0.0228,0.0213,0.019,0.0181,0.0201,0.0191,0.0182,0.0201,0.0187,0.0205,0.0211,0.0225,0.0195,0.02,0.0205,0.0194,0.0176,0.0217,0.0202,0.0207,0.0186,0.0194,0.022,0.0211,0.0191,0.0211,0.0214,0.0189,0.0202,0.0223,0.0195,0.0187,0.0193,0.0211
"v-10",0.0207,0.0194,0.019,0.0202,0.0199,0.0205,0.0216,0.0195,0.0199,NA,0.02,0.0197,0.0213,0.0199,0.021,0.0223,0.0196,0.0219,0.018,0.0197,0.0186,0.0179,0.0233,0.0219,0.0194,0.0204,0.0201,0.021,0.0207,0.0194,0.0199,0.018,0.0211,0.0189,0.0184,0.0181,0.0197,0.0207,0.0187,0.0184,0.0192,0.0186,0.0228,0.0234,0.0188,0.0196,0.0209,0.0194,0.0206,0.0197,0.021,0.0186,0.0209,0.0203,0.0215,0.0192,0.0174,0.0214,0.0169,0.0194,0.0201,0.0181,0.0201,0.0193,0.0202,0.0226,0.0212,0.0203,0.0213,0.0215,0.0191,0.0191,0.0175,0.0205,0.0213,0.0194,0.0234,0.0198,0.0182,0.0218,0.0206,0.0194,0.0195,0.0205,0.0193,0.017,0.0205,0.0191,0.0189,0.0186,0.0197,0.0215,0.0196,0.0198,0.0184,0.0206,0.0192,0.0193,0.0201,0.0194
"v-11",0.0202,0.0207,0.0195,0.021,0.0222,0.0202,0.0215,0.0193,0.0176,0.02,NA,0.0166,0.0184,0.0193,0.0214,0.0199,0.0192,0.0199,0.0194,0.0225,0.0191,0.0176,0.0196,0.0217,0.0201,0.0205,0.0184,0.022,0.0225,0.0183,0.0201,0.0218,0.0229,0.0189,0.0202,0.0223,0.0172,0.0199,0.0213,0.0191,0.0208,0.0204,0.0181,0.0191,0.0213,0.0195,0.0201,0.0211,0.0227,0.021,0.0196,0.0191,0.0218,0.0174,0.0207,0.0212,0.0216,0.0172,0.0169,0.0208,0.0202,0.0231,0.0196,0.0209,0.021,0.0186,0.0191,0.0215,0.0213,0.0169,0.0217,0.0216,0.0178,0.0191,0.0182,0.0226,0.0205,0.0195,0.0174,0.0204,0.0169,0.0199,0.0192,0.0203,0.0196,0.0177,0.0193,0.0222,0.0205,0.0186,0.0195,0.0216,0.0195,0.0191,0.0206,0.0214,0.0189,0.0204,0.0198,0.0185
"v-12",0.0211,0.0211,0.023,0.0194,0.0204,0.0192,0.0192,0.0187,0.019,0.0197,0.0166,NA,0.0226,0.0203,0.02,0.0199,0.022,0.0224,0.021,0.0212,0.0188,0.0209,0.0217,0.0202,0.0201,0.0224,0.0229,0.0201,0.0191,0.0221,0.0185,0.0205,0.019,0.0205,0.0178,0.018,0.0193,0.0206,0.0217,0.0229,0.021,0.0197,0.0214,0.0213,0.0214,0.0209,0.0208,0.0187,0.0191,0.0224,0.0206,0.0201,0.0183,0.0182,0.0194,0.021,0.0207,0.0197,0.0192,0.0202,0.0209,0.0212,0.0185,0.0182,0.0219,0.0196,0.0207,0.0192,0.022,0.0219,0.0186,0.02,0.0193,0.0209,0.0209,0.0204,0.0207,0.0202,0.0199,0.0205,0.0224,0.0195,0.0203,0.0191,0.0202,0.02,0.02,0.0196,0.0187,0.0192,0.0206,0.0199,0.0208,0.0184,0.0173,0.0179,0.0217,0.0202,0.0193,0.0192
"v-13",0.022,0.0206,0.0208,0.0197,0.0195,0.0182,0.0202,0.0198,0.0194,0.0213,0.0184,0.0226,NA,0.0192,0.0199,0.0199,0.0203,0.0213,0.0178,0.0209,0.0194,0.0185,0.0189,0.0201,0.0196,0.0194,0.0241,0.0201,0.0182,0.0207,0.0199,0.0197,0.0176,0.0166,0.021,0.0203,0.0197,0.0199,0.0179,0.0198,0.0217,0.0174,0.0234,0.0199,0.0195,0.0211,0.018,0.0198,0.0198,0.0187,0.0226,0.0223,0.0214,0.0218,0.0197,0.0205,0.0191,0.0211,0.0225,0.0203,0.0205,0.021,0.0214,0.0218,0.023,0.0199,0.0207,0.0166,0.0198,0.0212,0.0228,0.0191,0.0201,0.0195,0.0183,0.0198,0.0213,0.0212,0.0216,0.0198,0.0226,0.0208,0.0213,0.0218,0.0191,0.0211,0.0184,0.0188,0.0207,0.0206,0.0193,0.0199,0.0194,0.0198,0.0206,0.0197,0.0219,0.0188,0.0204,0.0201
"v-14",0.0195,0.0205,0.0207,0.0204,0.0215,0.0225,0.0213,0.0181,0.0183,0.0199,0.0193,0.0203,0.0192,NA,0.0203,0.0188,0.0202,0.0228,0.0222,0.0216,0.0193,0.0193,0.0216,0.0216,0.0179,0.02,0.019,0.0204,0.0213,0.0204,0.0178,0.0207,0.0205,0.0196,0.0202,0.0199,0.0189,0.0217,0.0216,0.0208,0.0194,0.0193,0.0199,0.0192,0.0223,0.0202,0.0213,0.023,0.0203,0.0188,0.0193,0.018,0.0203,0.0202,0.0208,0.0205,0.0218,0.02,0.0179,0.0229,0.0202,0.0184,0.022,0.0194,0.0199,0.02,0.0193,0.0192,0.0199,0.0188,0.0209,0.0212,0.0198,0.0198,0.0207,0.0199,0.0206,0.0173,0.0185,0.0193,0.0208,0.019,0.0209,0.018,0.0201,0.0191,0.0211,0.0201,0.0213,0.0194,0.0191,0.0206,0.0217,0.0197,0.0207,0.0199,0.018,0.0229,0.0194,0.0211
"v-15",0.022,0.0208,0.0224,0.0209,0.0201,0.0199,0.0221,0.0177,0.0209,0.021,0.0214,0.02,0.0199,0.0203,NA,0.0211,0.0187,0.0196,0.021,0.0173,0.0196,0.0194,0.0199,0.0236,0.0224,0.0179,0.0215,0.0196,0.0211,0.0195,0.0206,0.0194,0.0209,0.0188,0.0179,0.0192,0.0213,0.0202,0.0215,0.0191,0.0204,0.0183,0.0193,0.0202,0.0178,0.0178,0.0214,0.0175,0.0199,0.0191,0.0206,0.0222,0.0188,0.0212,0.0173,0.02,0.0203,0.02,0.0209,0.0192,0.0212,0.019,0.0178,0.0187,0.0207,0.021,0.0188,0.0207,0.0186,0.0231,0.0212,0.0194,0.0189,0.0188,0.0205,0.0187,0.0187,0.0177,0.0214,0.0204,0.0216,0.0198,0.0182,0.0173,0.0187,0.022,0.0201,0.0201,0.0176,0.0203,0.0195,0.0224,0.0181,0.0185,0.0209,0.0217,0.0201,0.018,0.0181,0.019
"v-16",0.0195,0.0226,0.0194,0.0206,0.0212,0.0179,0.0207,0.0194,0.0195,0.0223,0.0199,0.0199,0.0199,0.0188,0.0211,NA,0.0223,0.0196,0.0224,0.0194,0.0215,0.019,0.0202,0.0215,0.0216,0.0179,0.0217,0.0187,0.0189,0.019,0.0217,0.0208,0.0189,0.0202,0.0226,0.0202,0.0202,0.0197,0.0188,0.0202,0.0187,0.0207,0.0198,0.0196,0.0204,0.0178,0.02,0.0201,0.0199,0.0205,0.0201,0.0188,0.0179,0.0207,0.019,0.0162,0.0194,0.0204,0.0189,0.0191,0.0211,0.0182,0.0217,0.0223,0.019,0.0189,0.02,0.02,0.0175,0.0214,0.0193,0.021,0.019,0.0212,0.0175,0.0215,0.0211,0.019,0.0182,0.0199,0.0199,0.0189,0.0209,0.0177,0.0178,0.0197,0.0183,0.0172,0.0196,0.0197,0.021,0.0212,0.0216,0.0183,0.0208,0.0215,0.0216,0.0221,0.0214,0.018
"v-17",0.0229,0.0211,0.0195,0.0198,0.0193,0.0197,0.0186,0.0213,0.0203,0.0196,0.0192,0.022,0.0203,0.0202,0.0187,0.0223,NA,0.0211,0.0189,0.0208,0.0224,0.0162,0.0236,0.0223,0.0211,0.0226,0.0252,0.0197,0.0216,0.0206,0.0191,0.0198,0.021,0.0187,0.0211,0.0187,0.0225,0.0221,0.0186,0.0219,0.0217,0.0222,0.0183,0.021,0.0191,0.0198,0.0206,0.0208,0.0208,0.0202,0.0204,0.0233,0.0214,0.019,0.0209,0.0218,0.0209,0.02,0.0216,0.0175,0.0192,0.0196,0.0204,0.0212,0.0196,0.0183,0.0184,0.018,0.0188,0.0217,0.0169,0.0182,0.0199,0.0194,0.0197,0.0215,0.0196,0.0197,0.0227,0.017,0.0196,0.0218,0.0213,0.019,0.0196,0.021,0.0177,0.0222,0.0175,0.0191,0.0182,0.0183,0.0193,0.0209,0.0192,0.0203,0.0208,0.0181,0.0193,0.0196
"v-18",0.02,0.0205,0.0192,0.0221,0.0189,0.0222,0.022,0.0226,0.0211,0.0219,0.0199,0.0224,0.0213,0.0228,0.0196,0.0196,0.0211,NA,0.0219,0.0197,0.0174,0.0203,0.0194,0.0177,0.0183,0.0201,0.0198,0.0204,0.0209,0.018,0.0209,0.0192,0.021,0.0245,0.0213,0.0209,0.0197,0.0227,0.0225,0.0172,0.0195,0.0186,0.019,0.021,0.0205,0.0199,0.0215,0.019,0.0213,0.0224,0.0189,0.0227,0.0216,0.0191,0.0196,0.0201,0.0193,0.0196,0.019,0.0177,0.021,0.0216,0.019,0.0195,0.0172,0.0171,0.0217,0.022,0.016,0.0197,0.0202,0.0208,0.0214,0.0178,0.0195,0.0216,0.0221,0.0179,0.0211,0.0194,0.0194,0.0197,0.0187,0.0189,0.0184,0.019,0.0218,0.0222,0.0198,0.0199,0.0194,0.0194,0.0221,0.0224,0.0199,0.0228,0.0193,0.0206,0.0174,0.0194
"v-19",0.0202,0.0196,0.0215,0.0214,0.023,0.0206,0.0189,0.0204,0.0212,0.018,0.0194,0.021,0.0178,0.0222,0.021,0.0224,0.0189,0.0219,NA,0.0224,0.0211,0.0225,0.0195,0.0187,0.0197,0.0201,0.02,0.0212,0.0196,0.02,0.0176,0.0193,0.02,0.0215,0.0179,0.0226,0.019,0.0217,0.0191,0.0198,0.0211,0.0174,0.019,0.0192,0.024,0.0181,0.0197,0.0226,0.0235,0.0237,0.0199,0.0195,0.0207,0.0204,0.0201,0.0193,0.0193,0.0226,0.0188,0.0199,0.0193,0.0213,0.0216,0.0156,0.0202,0.0195,0.0196,0.0238,0.0206,0.0206,0.0193,0.0215,0.02,0.0192,0.0206,0.0199,0.0225,0.0192,0.0189,0.0211,0.0195,0.0171,0.0204,0.0182,0.0192,0.0188,0.0208,0.0195,0.0206,0.0191,0.0205,0.0207,0.0197,0.0209,0.0197,0.0189,0.0212,0.0196,0.02,0.0221
"v-20",0.0199,0.0224,0.0184,0.021,0.019,0.0189,0.0189,0.0217,0.0208,0.0197,0.0225,0.0212,0.0209,0.0216,0.0173,0.0194,0.0208,0.0197,0.0224,NA,0.0203,0.019,0.0183,0.0191,0.0203,0.0218,0.0185,0.018,0.0195,0.0191,0.0218,0.0204,0.0186,0.0185,0.0202,0.018,0.0212,0.0195,0.0212,0.0183,0.0202,0.0228,0.0209,0.0186,0.0196,0.0202,0.0182,0.0172,0.0186,0.0196,0.021,0.0207,0.0172,0.0197,0.0173,0.0219,0.0188,0.019,0.0215,0.0196,0.0193,0.0207,0.0201,0.0164,0.0194,0.0202,0.0198,0.0176,0.0207,0.018,0.0178,0.0201,0.0186,0.0203,0.0219,0.019,0.0186,0.0183,0.0208,0.0223,0.0202,0.0196,0.0201,0.0186,0.0226,0.0196,0.0215,0.0178,0.0229,0.0171,0.022,0.0208,0.0218,0.0198,0.0196,0.0178,0.0194,0.0212,0.0183,0.0211
"v-21",0.0209,0.0217,0.0208,0.0181,0.0207,0.0206,0.0194,0.0208,0.0179,0.0186,0.0191,0.0188,0.0194,0.0193,0.0196,0.0215,0.0224,0.0174,0.0211,0.0203,NA,0.0192,0.0197,0.0182,0.0194,0.0233,0.0207,0.0174,0.0184,0.0228,0.0208,0.0197,0.0204,0.0228,0.0226,0.0209,0.0206,0.0196,0.0209,0.021,0.0197,0.0199,0.02,0.0215,0.019,0.019,0.0214,0.0227,0.019,0.0196,0.0216,0.0217,0.0172,0.02,0.0216,0.0197,0.0197,0.0209,0.02,0.0203,0.0187,0.0184,0.0183,0.0219,0.0212,0.0199,0.0237,0.0212,0.0191,0.0207,0.0205,0.021,0.0202,0.019,0.0183,0.0188,0.0189,0.0217,0.0212,0.0199,0.0192,0.0223,0.0223,0.0186,0.0218,0.0213,0.0201,0.0207,0.0194,0.0187,0.0203,0.0186,0.0204,0.0184,0.0199,0.0196,0.0217,0.0188,0.0192,0.0186
"v-22",0.02,0.0214,0.0202,0.0221,0.0211,0.0223,0.0217,0.0221,0.0192,0.0179,0.0176,0.0209,0.0185,0.0193,0.0194,0.019,0.0162,0.0203,0.0225,0.019,0.0192,NA,0.0185,0.0193,0.0198,0.0189,0.0192,0.0229,0.0221,0.0213,0.0197,0.0199,0.0207,0.0231,0.0199,0.0203,0.0232,0.0219,0.0202,0.019,0.02,0.0188,0.0208,0.0219,0.0222,0.0208,0.0225,0.0193,0.0211,0.0232,0.0189,0.0193,0.0196,0.0198,0.0235,0.0204,0.0171,0.0179,0.0193,0.0201,0.0227,0.0227,0.0198,0.0185,0.0192,0.0193,0.0179,0.0201,0.0217,0.0203,0.0216,0.0208,0.018,0.0179,0.0207,0.0202,0.0207,0.0175,0.0212,0.0199,0.0189,0.0192,0.0194,0.0207,0.0196,0.0219,0.0192,0.0188,0.0196,0.0207,0.0192,0.0213,0.0185,0.0212,0.0201,0.0206,0.0199,0.0202,0.02,0.0214
"v-23",0.0196,0.0214,0.0214,0.019,0.0198,0.0208,0.0209,0.0205,0.02,0.0233,0.0196,0.0217,0.0189,0.0216,0.0199,0.0202,0.0236,0.0194,0.0195,0.0183,0.0197,0.0185,NA,0.0215,0.0238,0.021,0.0193,0.0206,0.0196,0.0228,0.0216,0.018,0.0194,0.018,0.0198,0.0185,0.021,0.0202,0.02,0.019,0.0207,0.0185,0.0203,0.0188,0.0195,0.02,0.0184,0.0203,0.0207,0.0178,0.0192,0.0205,0.0194,0.0188,0.0233,0.0182,0.0178,0.0232,0.0198,0.0187,0.019,0.0207,0.0196,0.0196,0.0218,0.0209,0.0217,0.0169,0.0188,0.0189,0.0195,0.021,0.0199,0.0203,0.0201,0.0183,0.0209,0.0201,0.0207,0.0215,0.0221,0.0197,0.0228,0.0202,0.0217,0.0209,0.0211,0.0207,0.0165,0.0201,0.0203,0.0194,0.0192,0.0206,0.0197,0.0202,0.0228,0.0199,0.02,0.0218
"v-24",0.0235,0.0206,0.0235,0.0191,0.0224,0.0203,0.0192,0.0199,0.0187,0.0219,0.0217,0.0202,0.0201,0.0216,0.0236,0.0215,0.0223,0.0177,0.0187,0.0191,0.0182,0.0193,0.0215,NA,0.0195,0.0193,0.0222,0.0195,0.0199,0.0216,0.0183,0.0198,0.0194,0.0181,0.0185,0.0186,0.0203,0.0208,0.0183,0.0219,0.0173,0.0219,0.0215,0.0217,0.0202,0.0196,0.0208,0.0182,0.0201,0.021,0.0192,0.0192,0.0188,0.0198,0.0188,0.0195,0.0202,0.0167,0.0198,0.0224,0.0236,0.0189,0.0181,0.0217,0.0209,0.0196,0.019,0.0209,0.0201,0.0215,0.0195,0.0178,0.0219,0.0231,0.019,0.0188,0.0173,0.0244,0.0221,0.0173,0.0219,0.0203,0.0202,0.0171,0.0199,0.0186,0.0226,0.0214,0.0182,0.022,0.0214,0.0184,0.0185,0.0199,0.0218,0.0194,0.0221,0.0212,0.0191,0.0209
"v-25",0.0187,0.0217,0.0216,0.0213,0.0199,0.0176,0.02,0.0224,0.0192,0.0194,0.0201,0.0201,0.0196,0.0179,0.0224,0.0216,0.0211,0.0183,0.0197,0.0203,0.0194,0.0198,0.0238,0.0195,NA,0.0187,0.0195,0.0211,0.0195,0.0214,0.0176,0.0206,0.02,0.0193,0.0188,0.0205,0.0221,0.0195,0.0188,0.0201,0.0212,0.0194,0.024,0.0221,0.019,0.0199,0.0198,0.0211,0.0186,0.0206,0.0202,0.0202,0.0194,0.0203,0.0218,0.0199,0.0204,0.0196,0.0196,0.0202,0.0178,0.0182,0.0234,0.0192,0.02,0.0178,0.0194,0.0181,0.0212,0.021,0.0194,0.0196,0.0222,0.0221,0.0211,0.0175,0.0185,0.0217,0.0222,0.0195,0.0207,0.0197,0.0224,0.0222,0.0227,0.0222,0.0221,0.0202,0.0182,0.0199,0.0196,0.0198,0.02,0.0172,0.0198,0.0217,0.0211,0.0199,0.0201,0.0186
"v-26",0.0217,0.0225,0.0232,0.0202,0.0178,0.0189,0.0196,0.0195,0.0197,0.0204,0.0205,0.0224,0.0194,0.02,0.0179,0.0179,0.0226,0.0201,0.0201,0.0218,0.0233,0.0189,0.021,0.0193,0.0187,NA,0.0232,0.0203,0.0188,0.0234,0.0194,0.017,0.0214,0.0212,0.0197,0.0189,0.0207,0.0206,0.0164,0.0206,0.0215,0.0205,0.0193,0.0207,0.018,0.0202,0.0213,0.0209,0.0173,0.0199,0.0199,0.0203,0.0202,0.0219,0.0191,0.0153,0.0205,0.0214,0.0209,0.0195,0.0172,0.0173,0.0185,0.0237,0.021,0.0204,0.0205,0.0192,0.0205,0.0212,0.0204,0.0192,0.0185,0.0214,0.0213,0.0183,0.0176,0.0209,0.0229,0.0215,0.0204,0.0186,0.0204,0.022,0.018,0.024,0.0185,0.0218,0.0198,0.0211,0.0192,0.0177,0.018,0.0172,0.0218,0.02,0.0214,0.0215,0.0194,0.0208
"v-27",0.021,0.0195,0.0202,0.019,0.0188,0.0183,0.0204,0.0188,0.0205,0.0201,0.0184,0.0229,0.0241,0.019,0.0215,0.0217,0.0252,0.0198,0.02,0.0185,0.0207,0.0192,0.0193,0.0222,0.0195,0.0232,NA,0.019,0.0196,0.022,0.0178,0.0197,0.0201,0.0188,0.021,0.0205,0.0199,0.0161,0.0221,0.0213,0.021,0.0215,0.0225,0.0201,0.0193,0.0195,0.0186,0.0193,0.0192,0.0176,0.0206,0.0215,0.0195,0.0189,0.0202,0.0186,0.0199,0.0194,0.018,0.0208,0.0168,0.0207,0.0207,0.0218,0.0204,0.0192,0.0224,0.0197,0.0205,0.0208,0.0209,0.019,0.0203,0.0181,0.0214,0.0197,0.0192,0.0236,0.0205,0.0209,0.0199,0.0196,0.0203,0.0215,0.0215,0.0223,0.0186,0.0216,0.022,0.0231,0.0206,0.0202,0.0189,0.0215,0.0176,0.0194,0.0253,0.0181,0.0199,0.0194
"v-28",0.0207,0.0197,0.0178,0.0231,0.022,0.0191,0.0197,0.0203,0.0184,0.021,0.022,0.0201,0.0201,0.0204,0.0196,0.0187,0.0197,0.0204,0.0212,0.018,0.0174,0.0229,0.0206,0.0195,0.0211,0.0203,0.019,NA,0.0195,0.0188,0.0235,0.0207,0.0221,0.0232,0.0189,0.0239,0.0169,0.0217,0.0199,0.0178,0.0168,0.018,0.0204,0.0181,0.0231,0.0186,0.0206,0.0239,0.0208,0.0193,0.0204,0.0169,0.0216,0.0174,0.0187,0.0172,0.0217,0.02,0.0191,0.019,0.0193,0.02,0.0206,0.0189,0.019,0.0225,0.0218,0.023,0.0198,0.0195,0.0211,0.0201,0.0192,0.0212,0.0205,0.0242,0.022,0.0175,0.018,0.0217,0.0208,0.0212,0.0193,0.0216,0.0204,0.0216,0.019,0.0181,0.0209,0.0196,0.022,0.0222,0.0202,0.019,0.0212,0.0207,0.0193,0.0199,0.0179,0.0207
"v-29",0.0183,0.0189,0.0207,0.0209,0.0229,0.022,0.0195,0.0226,0.0202,0.0207,0.0225,0.0191,0.0182,0.0213,0.0211,0.0189,0.0216,0.0209,0.0196,0.0195,0.0184,0.0221,0.0196,0.0199,0.0195,0.0188,0.0196,0.0195,NA,0.0174,0.0222,0.0207,0.02,0.0194,0.0204,0.0208,0.0186,0.0206,0.0219,0.0192,0.0212,0.0211,0.019,0.0221,0.0202,0.0202,0.0186,0.0201,0.0194,0.0206,0.0185,0.019,0.0199,0.0199,0.0238,0.0182,0.0201,0.0198,0.0192,0.0191,0.0176,0.0205,0.0177,0.018,0.0203,0.0198,0.0197,0.0204,0.0204,0.0198,0.0181,0.0213,0.0217,0.0205,0.0178,0.0182,0.0208,0.0188,0.0193,0.0209,0.0209,0.0211,0.0192,0.0177,0.0196,0.0224,0.0171,0.0182,0.023,0.0217,0.0199,0.0212,0.0192,0.0186,0.0208,0.0202,0.0188,0.0212,0.0197,0.0209
"v-30",0.0225,0.0219,0.0189,0.0213,0.0194,0.0173,0.0191,0.0205,0.0193,0.0194,0.0183,0.0221,0.0207,0.0204,0.0195,0.019,0.0206,0.018,0.02,0.0191,0.0228,0.0213,0.0228,0.0216,0.0214,0.0234,0.022,0.0188,0.0174,NA,0.0182,0.018,0.0172,0.0217,0.0215,0.0187,0.0226,0.0191,0.021,0.0193,0.0206,0.0208,0.0226,0.019,0.018,0.0209,0.0194,0.0188,0.0208,0.021,0.0195,0.0197,0.0208,0.0199,0.0177,0.0178,0.0186,0.0199,0.022,0.0199,0.0217,0.0186,0.0199,0.0204,0.0209,0.0196,0.0219,0.019,0.0193,0.0226,0.0207,0.0193,0.0203,0.0172,0.0191,0.0192,0.0198,0.0211,0.0244,0.0198,0.0211,0.0222,0.0216,0.0214,0.0205,0.0221,0.0229,0.0193,0.0224,0.0212,0.0196,0.0206,0.0205,0.0194,0.0195,0.0194,0.0184,0.02,0.0198,0.0209
"v-31",0.0216,0.0184,0.0187,0.0219,0.0193,0.0209,0.0183,0.0201,0.0208,0.0199,0.0201,0.0185,0.0199,0.0178,0.0206,0.0217,0.0191,0.0209,0.0176,0.0218,0.0208,0.0197,0.0216,0.0183,0.0176,0.0194,0.0178,0.0235,0.0222,0.0182,NA,0.02,0.0228,0.0185,0.0205,0.0191,0.0211,0.0208,0.0197,0.0204,0.0194,0.0192,0.0189,0.0196,0.0216,0.0216,0.0187,0.0225,0.0208,0.023,0.0181,0.0171,0.0226,0.0197,0.0199,0.0174,0.0203,0.021,0.0226,0.0214,0.0212,0.0195,0.0198,0.0179,0.0219,0.0208,0.021,0.0219,0.0168,0.0189,0.02,0.0202,0.0175,0.0198,0.0188,0.0213,0.0206,0.0222,0.0213,0.0203,0.0173,0.0194,0.0198,0.0192,0.0193,0.0218,0.0216,0.0187,0.0247,0.0175,0.0205,0.0188,0.0211,0.0211,0.02,0.0201,0.0195,0.0205,0.0219,0.0227
"v-32",0.0186,0.0185,0.0212,0.0181,0.0197,0.0178,0.02,0.019,0.0227,0.018,0.0218,0.0205,0.0197,0.0207,0.0194,0.0208,0.0198,0.0192,0.0193,0.0204,0.0197,0.0199,0.018,0.0198,0.0206,0.017,0.0197,0.0207,0.0207,0.018,0.02,NA,0.0193,0.019,0.0211,0.0184,0.0195,0.0204,0.0182,0.0208,0.0211,0.0231,0.0202,0.02,0.0193,0.0193,0.0229,0.0189,0.0191,0.0179,0.021,0.0184,0.0188,0.0196,0.0205,0.0183,0.0191,0.0221,0.0202,0.02,0.0203,0.0191,0.0194,0.0212,0.0203,0.0214,0.0165,0.0206,0.0193,0.0228,0.0229,0.0197,0.0216,0.0227,0.021,0.0189,0.0192,0.0196,0.02,0.0202,0.0194,0.0201,0.0201,0.0206,0.0183,0.0205,0.0204,0.02,0.018,0.0202,0.0208,0.0219,0.0173,0.0202,0.0203,0.0216,0.0183,0.0202,0.0176,0.0194
"v-33",0.0209,0.0216,0.0207,0.0198,0.0208,0.0187,0.0195,0.021,0.0196,0.0211,0.0229,0.019,0.0176,0.0205,0.0209,0.0189,0.021,0.021,0.02,0.0186,0.0204,0.0207,0.0194,0.0194,0.02,0.0214,0.0201,0.0221,0.02,0.0172,0.0228,0.0193,NA,0.0195,0.0201,0.0202,0.0193,0.0217,0.0235,0.0208,0.021,0.0172,0.0181,0.019,0.0215,0.0201,0.0201,0.0217,0.0211,0.0193,0.0203,0.018,0.0213,0.0191,0.0218,0.019,0.0204,0.0207,0.0203,0.018,0.0208,0.0194,0.0233,0.0187,0.0216,0.018,0.0186,0.0201,0.0219,0.0189,0.0214,0.0181,0.0195,0.0225,0.0206,0.0219,0.017,0.0187,0.019,0.0208,0.0211,0.0195,0.0179,0.0204,0.0216,0.0205,0.0207,0.0199,0.0205,0.0205,0.0194,0.0199,0.0217,0.0206,0.0174,0.0182,0.0189,0.0199,0.021,0.0246
"v-34",0.0192,0.0193,0.0204,0.0225,0.0234,0.022,0.0206,0.0208,0.0192,0.0189,0.0189,0.0205,0.0166,0.0196,0.0188,0.0202,0.0187,0.0245,0.0215,0.0185,0.0228,0.0231,0.018,0.0181,0.0193,0.0212,0.0188,0.0232,0.0194,0.0217,0.0185,0.019,0.0195,NA,0.0174,0.0212,0.0198,0.0195,0.0199,0.0185,0.0201,0.0197,0.0195,0.0199,0.0209,0.0205,0.0226,0.0234,0.0191,0.0244,0.0197,0.0204,0.0221,0.0222,0.0181,0.0202,0.0215,0.0199,0.0196,0.0195,0.0214,0.0191,0.0222,0.0213,0.0169,0.0212,0.0208,0.0198,0.0179,0.0214,0.0201,0.0202,0.0209,0.0187,0.0178,0.02,0.0203,0.0213,0.019,0.0231,0.0199,0.0198,0.0205,0.0203,0.0191,0.0198,0.0209,0.0203,0.0184,0.019,0.0199,0.0199,0.0237,0.0203,0.0208,0.0203,0.0186,0.0216,0.0231,0.0218
"v-35",0.0201,0.0197,0.0239,0.0206,0.0198,0.0211,0.0197,0.0196,0.0211,0.0184,0.0202,0.0178,0.021,0.0202,0.0179,0.0226,0.0211,0.0213,0.0179,0.0202,0.0226,0.0199,0.0198,0.0185,0.0188,0.0197,0.021,0.0189,0.0204,0.0215,0.0205,0.0211,0.0201,0.0174,NA,0.02,0.0184,0.0193,0.0197,0.0191,0.0179,0.0204,0.0185,0.021,0.022,0.02,0.019,0.0196,0.0208,0.0194,0.0203,0.0212,0.02,0.0174,0.0196,0.0199,0.0214,0.0207,0.0203,0.0228,0.0192,0.0205,0.0195,0.0221,0.0219,0.019,0.0197,0.0173,0.0208,0.0234,0.0188,0.0213,0.0207,0.0185,0.0182,0.0205,0.0185,0.0204,0.022,0.0199,0.0218,0.023,0.0198,0.0229,0.0202,0.0213,0.0197,0.0183,0.0182,0.02,0.0196,0.0173,0.02,0.0196,0.0225,0.0223,0.022,0.0201,0.0188,0.0212
"v-36",0.0191,0.0182,0.0217,0.0222,0.023,0.0243,0.021,0.0196,0.0225,0.0181,0.0223,0.018,0.0203,0.0199,0.0192,0.0202,0.0187,0.0209,0.0226,0.018,0.0209,0.0203,0.0185,0.0186,0.0205,0.0189,0.0205,0.0239,0.0208,0.0187,0.0191,0.0184,0.0202,0.0212,0.02,NA,0.0218,0.0223,0.022,0.0196,0.0164,0.0211,0.0207,0.0177,0.0184,0.0202,0.0212,0.0207,0.0216,0.0201,0.0219,0.0175,0.0195,0.0228,0.0218,0.0192,0.0188,0.0223,0.0195,0.0205,0.0219,0.0191,0.0216,0.0211,0.0175,0.0183,0.0194,0.0239,0.0211,0.0186,0.0205,0.0198,0.0211,0.0196,0.0201,0.0202,0.0191,0.0244,0.0196,0.0207,0.0185,0.0198,0.0202,0.0188,0.0195,0.0198,0.0184,0.0183,0.0193,0.0211,0.0206,0.0231,0.0216,0.0185,0.0206,0.0183,0.0187,0.0249,0.0174,0.0212
"v-37",0.02,0.021,0.0221,0.0204,0.0166,0.0183,0.0202,0.0158,0.0204,0.0197,0.0172,0.0193,0.0197,0.0189,0.0213,0.0202,0.0225,0.0197,0.019,0.0212,0.0206,0.0232,0.021,0.0203,0.0221,0.0207,0.0199,0.0169,0.0186,0.0226,0.0211,0.0195,0.0193,0.0198,0.0184,0.0218,NA,0.0193,0.0191,0.0212,0.0217,0.0208,0.0198,0.0212,0.0194,0.0184,0.0184,0.0193,0.0204,0.0191,0.0231,0.0173,0.0195,0.0208,0.0213,0.0198,0.02,0.0205,0.0206,0.0188,0.0207,0.0186,0.0185,0.0199,0.0199,0.0215,0.0238,0.019,0.0198,0.022,0.0209,0.0199,0.0232,0.0174,0.0186,0.0199,0.0208,0.022,0.0195,0.019,0.0193,0.0233,0.0187,0.0197,0.0187,0.0196,0.0199,0.0204,0.0217,0.0222,0.0201,0.02,0.0199,0.0198,0.0209,0.0219,0.0215,0.0188,0.0223,0.0211
"v-38",0.0168,0.0187,0.0169,0.0212,0.0243,0.0211,0.0197,0.0172,0.0218,0.0207,0.0199,0.0206,0.0199,0.0217,0.0202,0.0197,0.0221,0.0227,0.0217,0.0195,0.0196,0.0219,0.0202,0.0208,0.0195,0.0206,0.0161,0.0217,0.0206,0.0191,0.0208,0.0204,0.0217,0.0195,0.0193,0.0223,0.0193,NA,0.0207,0.0184,0.0196,0.0194,0.0206,0.0214,0.0212,0.0204,0.0205,0.0204,0.0221,0.0205,0.0196,0.021,0.0221,0.0195,0.0217,0.0197,0.0209,0.0189,0.0193,0.0176,0.0212,0.0216,0.017,0.0172,0.0221,0.018,0.0202,0.0216,0.0213,0.0177,0.022,0.0202,0.0201,0.0214,0.0206,0.0194,0.0193,0.0206,0.0192,0.0213,0.0175,0.0209,0.0184,0.0207,0.0197,0.0183,0.0196,0.0207,0.0207,0.0181,0.0221,0.02,0.0193,0.0209,0.0201,0.0216,0.0193,0.0185,0.0212,0.0198
"v-39",0.0194,0.0224,0.0189,0.0211,0.023,0.023,0.0219,0.02,0.0216,0.0187,0.0213,0.0217,0.0179,0.0216,0.0215,0.0188,0.0186,0.0225,0.0191,0.0212,0.0209,0.0202,0.02,0.0183,0.0188,0.0164,0.0221,0.0199,0.0219,0.021,0.0197,0.0182,0.0235,0.0199,0.0197,0.022,0.0191,0.0207,NA,0.0192,0.018,0.0194,0.0215,0.021,0.0232,0.0204,0.0199,0.0219,0.0208,0.0178,0.0199,0.0193,0.0219,0.0201,0.0223,0.0196,0.0192,0.0178,0.0188,0.0187,0.0221,0.0214,0.0177,0.0173,0.0203,0.0178,0.022,0.0199,0.0216,0.0202,0.0208,0.0185,0.0185,0.0183,0.0204,0.0212,0.0228,0.0217,0.0177,0.022,0.0189,0.0192,0.017,0.0189,0.0163,0.019,0.0198,0.0173,0.0202,0.0191,0.0175,0.0204,0.0214,0.0197,0.0226,0.0215,0.0193,0.0218,0.0194,0.0207
"v-40",0.0191,0.0195,0.0223,0.0192,0.0196,0.0211,0.0201,0.0208,0.0194,0.0184,0.0191,0.0229,0.0198,0.0208,0.0191,0.0202,0.0219,0.0172,0.0198,0.0183,0.021,0.019,0.019,0.0219,0.0201,0.0206,0.0213,0.0178,0.0192,0.0193,0.0204,0.0208,0.0208,0.0185,0.0191,0.0196,0.0212,0.0184,0.0192,NA,0.0232,0.0189,0.0232,0.0186,0.0174,0.0224,0.0201,0.0194,0.0251,0.0194,0.022,0.0191,0.0199,0.0192,0.0188,0.0198,0.0204,0.0189,0.0204,0.0226,0.0177,0.0218,0.0197,0.0201,0.0206,0.0202,0.0221,0.0188,0.0182,0.0185,0.0181,0.0204,0.0209,0.0204,0.0196,0.0198,0.0189,0.0203,0.0203,0.0204,0.0207,0.0205,0.0199,0.0198,0.0195,0.0212,0.0208,0.0242,0.0221,0.0219,0.0202,0.0178,0.0219,0.0186,0.0178,0.0177,0.0221,0.0211,0.0232,0.0189
"v-41",0.0182,0.021,0.0209,0.0167,0.0188,0.0174,0.0188,0.0204,0.0199,0.0192,0.0208,0.021,0.0217,0.0194,0.0204,0.0187,0.0217,0.0195,0.0211,0.0202,0.0197,0.02,0.0207,0.0173,0.0212,0.0215,0.021,0.0168,0.0212,0.0206,0.0194,0.0211,0.021,0.0201,0.0179,0.0164,0.0217,0.0196,0.018,0.0232,NA,0.0172,0.0194,0.0189,0.0192,0.0233,0.021,0.0216,0.0186,0.0205,0.0213,0.0213,0.0204,0.0195,0.0201,0.0212,0.0217,0.021,0.0209,0.0191,0.0216,0.0183,0.0194,0.0194,0.022,0.0211,0.0217,0.0218,0.0201,0.0203,0.0196,0.0185,0.0211,0.0186,0.0195,0.0199,0.022,0.022,0.0212,0.0222,0.0206,0.0194,0.021,0.021,0.0202,0.0189,0.0211,0.0224,0.0212,0.0195,0.0205,0.0198,0.021,0.0183,0.0186,0.0211,0.0209,0.0225,0.0203,0.0188
"v-42",0.0222,0.0217,0.0194,0.0178,0.0196,0.0191,0.0211,0.0197,0.0175,0.0186,0.0204,0.0197,0.0174,0.0193,0.0183,0.0207,0.0222,0.0186,0.0174,0.0228,0.0199,0.0188,0.0185,0.0219,0.0194,0.0205,0.0215,0.018,0.0211,0.0208,0.0192,0.0231,0.0172,0.0197,0.0204,0.0211,0.0208,0.0194,0.0194,0.0189,0.0172,NA,0.0217,0.0156,0.02,0.0195,0.0211,0.0206,0.0231,0.0195,0.0243,0.02,0.0196,0.0217,0.0176,0.0206,0.0187,0.0198,0.021,0.0196,0.0186,0.0189,0.0208,0.0189,0.022,0.0214,0.0221,0.0221,0.0212,0.0227,0.0196,0.0192,0.0214,0.0194,0.0189,0.0209,0.0175,0.0199,0.0222,0.0208,0.0222,0.0191,0.0227,0.0181,0.0186,0.0198,0.0206,0.0211,0.0174,0.0175,0.0186,0.0179,0.0213,0.0203,0.0215,0.0173,0.0217,0.0196,0.0205,0.0198
"v-43",0.0196,0.0213,0.0201,0.0193,0.0188,0.0213,0.0218,0.0191,0.0197,0.0228,0.0181,0.0214,0.0234,0.0199,0.0193,0.0198,0.0183,0.019,0.019,0.0209,0.02,0.0208,0.0203,0.0215,0.024,0.0193,0.0225,0.0204,0.019,0.0226,0.0189,0.0202,0.0181,0.0195,0.0185,0.0207,0.0198,0.0206,0.0215,0.0232,0.0194,0.0217,NA,0.0218,0.0179,0.0209,0.018,0.0187,0.02,0.0171,0.0206,0.0227,0.0192,0.019,0.0193,0.0195,0.0195,0.0208,0.0216,0.0202,0.0212,0.0175,0.0193,0.0222,0.0191,0.0176,0.0221,0.0216,0.0195,0.0228,0.0204,0.0194,0.018,0.0214,0.0201,0.0191,0.0226,0.0211,0.0236,0.0189,0.0182,0.0219,0.0222,0.0208,0.021,0.0208,0.0198,0.0195,0.0202,0.0197,0.018,0.0189,0.018,0.0196,0.0219,0.019,0.0227,0.0181,0.0197,0.0198
"v-44",0.0187,0.0209,0.019,0.0241,0.0182,0.0208,0.0223,0.0207,0.0203,0.0234,0.0191,0.0213,0.0199,0.0192,0.0202,0.0196,0.021,0.021,0.0192,0.0186,0.0215,0.0219,0.0188,0.0217,0.0221,0.0207,0.0201,0.0181,0.0221,0.019,0.0196,0.02,0.019,0.0199,0.021,0.0177,0.0212,0.0214,0.021,0.0186,0.0189,0.0156,0.0218,NA,0.02,0.0195,0.0209,0.0213,0.0187,0.0188,0.018,0.0215,0.022,0.0203,0.0193,0.0217,0.0226,0.0189,0.0192,0.0186,0.0196,0.0216,0.0201,0.0191,0.018,0.0201,0.0191,0.0198,0.0192,0.0208,0.0214,0.0209,0.0195,0.0189,0.0194,0.0179,0.0188,0.0187,0.0178,0.0217,0.0205,0.0215,0.0192,0.0184,0.0201,0.0202,0.0225,0.0195,0.0169,0.0172,0.0206,0.0191,0.0195,0.0203,0.018,0.022,0.0189,0.0218,0.0197,0.0207
"v-45",0.017,0.0198,0.0199,0.02,0.0228,0.0225,0.0179,0.0187,0.0199,0.0188,0.0213,0.0214,0.0195,0.0223,0.0178,0.0204,0.0191,0.0205,0.024,0.0196,0.019,0.0222,0.0195,0.0202,0.019,0.018,0.0193,0.0231,0.0202,0.018,0.0216,0.0193,0.0215,0.0209,0.022,0.0184,0.0194,0.0212,0.0232,0.0174,0.0192,0.02,0.0179,0.02,NA,0.02,0.021,0.0207,0.0199,0.023,0.0172,0.0215,0.0192,0.0184,0.0201,0.0195,0.0192,0.0192,0.0211,0.0182,0.0215,0.02,0.0191,0.0205,0.0207,0.0186,0.0191,0.0185,0.019,0.0194,0.0193,0.0196,0.0216,0.0191,0.0204,0.0204,0.0187,0.0186,0.0183,0.0221,0.0201,0.0189,0.0203,0.0189,0.0191,0.0208,0.0182,0.02,0.0212,0.0206,0.0212,0.021,0.0216,0.0207,0.0235,0.0203,0.0214,0.0204,0.0197,0.0219
"v-46",0.0192,0.0199,0.0216,0.0203,0.0196,0.0177,0.0186,0.0234,0.0213,0.0196,0.0195,0.0209,0.0211,0.0202,0.0178,0.0178,0.0198,0.0199,0.0181,0.0202,0.019,0.0208,0.02,0.0196,0.0199,0.0202,0.0195,0.0186,0.0202,0.0209,0.0216,0.0193,0.0201,0.0205,0.02,0.0202,0.0184,0.0204,0.0204,0.0224,0.0233,0.0195,0.0209,0.0195,0.02,NA,0.0198,0.0215,0.0234,0.0205,0.0208,0.0232,0.0211,0.0186,0.0213,0.0191,0.0198,0.0195,0.0203,0.0209,0.019,0.0197,0.0176,0.0213,0.0205,0.0198,0.0223,0.0216,0.0183,0.0177,0.0185,0.0214,0.0189,0.0218,0.0205,0.0185,0.0198,0.0218,0.0197,0.0201,0.0195,0.0201,0.0183,0.0196,0.02,0.0196,0.0195,0.0187,0.0196,0.0187,0.0206,0.0182,0.0207,0.0208,0.0195,0.0184,0.02,0.0211,0.0194,0.0187
"v-47",0.0199,0.0166,0.0202,0.0214,0.022,0.0211,0.0205,0.0189,0.0215,0.0209,0.0201,0.0208,0.018,0.0213,0.0214,0.02,0.0206,0.0215,0.0197,0.0182,0.0214,0.0225,0.0184,0.0208,0.0198,0.0213,0.0186,0.0206,0.0186,0.0194,0.0187,0.0229,0.0201,0.0226,0.019,0.0212,0.0184,0.0205,0.0199,0.0201,0.021,0.0211,0.018,0.0209,0.021,0.0198,NA,0.0214,0.0208,0.0194,0.0186,0.0186,0.0228,0.0216,0.0212,0.0189,0.0199,0.0184,0.02,0.0201,0.0172,0.022,0.0152,0.0209,0.0197,0.0198,0.0182,0.0217,0.0186,0.0194,0.0213,0.0199,0.0206,0.0202,0.0205,0.0203,0.02,0.0188,0.0181,0.0238,0.019,0.0208,0.0202,0.0197,0.0212,0.0202,0.0212,0.0185,0.0209,0.019,0.0191,0.0188,0.0205,0.0186,0.0182,0.0172,0.0212,0.0216,0.0207,0.0209
"v-48",0.0179,0.0186,0.018,0.0229,0.0211,0.0216,0.0174,0.0228,0.0222,0.0194,0.0211,0.0187,0.0198,0.023,0.0175,0.0201,0.0208,0.019,0.0226,0.0172,0.0227,0.0193,0.0203,0.0182,0.0211,0.0209,0.0193,0.0239,0.0201,0.0188,0.0225,0.0189,0.0217,0.0234,0.0196,0.0207,0.0193,0.0204,0.0219,0.0194,0.0216,0.0206,0.0187,0.0213,0.0207,0.0215,0.0214,NA,0.0211,0.021,0.0204,0.0191,0.0209,0.0199,0.0184,0.0192,0.0188,0.0209,0.0188,0.0207,0.0199,0.0209,0.021,0.0195,0.0179,0.0207,0.0183,0.0221,0.0205,0.0165,0.0205,0.0229,0.0203,0.02,0.0179,0.0219,0.0195,0.0216,0.0194,0.0227,0.0197,0.0206,0.0233,0.0165,0.0197,0.0219,0.0226,0.0183,0.0226,0.0204,0.0212,0.0205,0.0204,0.018,0.0204,0.0184,0.0194,0.0212,0.0198,0.0199
"v-49",0.018,0.0199,0.0198,0.0213,0.0206,0.0204,0.0189,0.0216,0.0201,0.0206,0.0227,0.0191,0.0198,0.0203,0.0199,0.0199,0.0208,0.0213,0.0235,0.0186,0.019,0.0211,0.0207,0.0201,0.0186,0.0173,0.0192,0.0208,0.0194,0.0208,0.0208,0.0191,0.0211,0.0191,0.0208,0.0216,0.0204,0.0221,0.0208,0.0251,0.0186,0.0231,0.02,0.0187,0.0199,0.0234,0.0208,0.0211,NA,0.0225,0.0188,0.021,0.0214,0.02,0.021,0.0198,0.0201,0.0167,0.0201,0.0217,0.0202,0.0221,0.0204,0.0206,0.0195,0.0177,0.0191,0.0213,0.018,0.0193,0.0213,0.0202,0.0197,0.0191,0.0182,0.0185,0.0206,0.0203,0.0196,0.021,0.0194,0.0197,0.02,0.0185,0.0203,0.0184,0.0186,0.0202,0.0209,0.0181,0.0195,0.0201,0.0206,0.0212,0.0188,0.0224,0.0193,0.0211,0.0207,0.0214
"v-50",0.0212,0.019,0.0195,0.0201,0.0216,0.0199,0.0176,0.0211,0.0212,0.0197,0.021,0.0224,0.0187,0.0188,0.0191,0.0205,0.0202,0.0224,0.0237,0.0196,0.0196,0.0232,0.0178,0.021,0.0206,0.0199,0.0176,0.0193,0.0206,0.021,0.023,0.0179,0.0193,0.0244,0.0194,0.0201,0.0191,0.0205,0.0178,0.0194,0.0205,0.0195,0.0171,0.0188,0.023,0.0205,0.0194,0.021,0.0225,NA,0.0198,0.0183,0.0201,0.0214,0.0207,0.0197,0.0222,0.0175,0.0179,0.0188,0.0224,0.0218,0.0183,0.0204,0.0211,0.0183,0.021,0.0238,0.0183,0.0201,0.0236,0.0188,0.0242,0.0216,0.0214,0.0202,0.0236,0.0184,0.0181,0.0239,0.0216,0.0174,0.0189,0.0225,0.0211,0.0175,0.0176,0.0194,0.0207,0.0212,0.0194,0.0234,0.0224,0.019,0.0199,0.0183,0.0203,0.0209,0.0203,0.02
"v-51",0.0207,0.0219,0.0173,0.0197,0.0207,0.0201,0.0197,0.0193,0.0187,0.021,0.0196,0.0206,0.0226,0.0193,0.0206,0.0201,0.0204,0.0189,0.0199,0.021,0.0216,0.0189,0.0192,0.0192,0.0202,0.0199,0.0206,0.0204,0.0185,0.0195,0.0181,0.021,0.0203,0.0197,0.0203,0.0219,0.0231,0.0196,0.0199,0.022,0.0213,0.0243,0.0206,0.018,0.0172,0.0208,0.0186,0.0204,0.0188,0.0198,NA,0.0219,0.0188,0.0206,0.0205,0.0189,0.0225,0.0215,0.0212,0.0232,0.02,0.0195,0.0229,0.0207,0.0208,0.0221,0.0192,0.0195,0.0203,0.0209,0.0179,0.0185,0.0213,0.0185,0.0195,0.02,0.02,0.0202,0.0209,0.0186,0.0202,0.0203,0.0208,0.0207,0.0183,0.0208,0.0209,0.0194,0.0195,0.0218,0.0194,0.0199,0.0189,0.0217,0.0193,0.0204,0.0243,0.0196,0.0199,0.0194
"v-52",0.0209,0.0208,0.0214,0.0197,0.0229,0.0196,0.0183,0.021,0.0215,0.0186,0.0191,0.0201,0.0223,0.018,0.0222,0.0188,0.0233,0.0227,0.0195,0.0207,0.0217,0.0193,0.0205,0.0192,0.0202,0.0203,0.0215,0.0169,0.019,0.0197,0.0171,0.0184,0.018,0.0204,0.0212,0.0175,0.0173,0.021,0.0193,0.0191,0.0213,0.02,0.0227,0.0215,0.0215,0.0232,0.0186,0.0191,0.021,0.0183,0.0219,NA,0.0172,0.0203,0.016,0.0211,0.0207,0.0188,0.0195,0.0197,0.0202,0.0194,0.0211,0.0214,0.0208,0.0186,0.0203,0.02,0.0213,0.0223,0.0221,0.0221,0.0215,0.0174,0.0213,0.0196,0.0204,0.0212,0.0204,0.0185,0.0207,0.0183,0.0209,0.0214,0.0214,0.02,0.0181,0.0205,0.0203,0.0191,0.0198,0.0214,0.0185,0.0188,0.02,0.0204,0.0182,0.0196,0.0207,0.0197
"v-53",0.0171,0.0215,0.0187,0.0202,0.0215,0.0195,0.0185,0.0214,0.0217,0.0209,0.0218,0.0183,0.0214,0.0203,0.0188,0.0179,0.0214,0.0216,0.0207,0.0172,0.0172,0.0196,0.0194,0.0188,0.0194,0.0202,0.0195,0.0216,0.0199,0.0208,0.0226,0.0188,0.0213,0.0221,0.02,0.0195,0.0195,0.0221,0.0219,0.0199,0.0204,0.0196,0.0192,0.022,0.0192,0.0211,0.0228,0.0209,0.0214,0.0201,0.0188,0.0172,NA,0.0198,0.021,0.0214,0.0205,0.02,0.0177,0.0194,0.0205,0.0206,0.0214,0.0217,0.0185,0.0214,0.0212,0.0194,0.0219,0.0183,0.0184,0.0206,0.0193,0.0188,0.0195,0.0207,0.0216,0.0196,0.0199,0.0209,0.0185,0.0184,0.0172,0.019,0.0193,0.0252,0.0219,0.0219,0.0202,0.0212,0.0212,0.0213,0.0209,0.0216,0.0202,0.021,0.0191,0.0211,0.0208,0.0232
"v-54",0.0221,0.0213,0.0187,0.0189,0.0167,0.0194,0.021,0.0198,0.0206,0.0203,0.0174,0.0182,0.0218,0.0202,0.0212,0.0207,0.019,0.0191,0.0204,0.0197,0.02,0.0198,0.0188,0.0198,0.0203,0.0219,0.0189,0.0174,0.0199,0.0199,0.0197,0.0196,0.0191,0.0222,0.0174,0.0228,0.0208,0.0195,0.0201,0.0192,0.0195,0.0217,0.019,0.0203,0.0184,0.0186,0.0216,0.0199,0.02,0.0214,0.0206,0.0203,0.0198,NA,0.0189,0.0225,0.0208,0.0202,0.0192,0.0206,0.0181,0.0188,0.0201,0.0193,0.021,0.0204,0.0206,0.0189,0.0197,0.0194,0.0203,0.0205,0.0191,0.0192,0.0182,0.0178,0.0205,0.0197,0.0205,0.0193,0.0183,0.0213,0.0209,0.0211,0.0209,0.0196,0.0185,0.0187,0.0188,0.0211,0.0175,0.0213,0.0202,0.0176,0.0195,0.0197,0.0208,0.0193,0.0209,0.0192
"v-55",0.021,0.0185,0.0186,0.0221,0.022,0.02,0.0227,0.0213,0.0182,0.0215,0.0207,0.0194,0.0197,0.0208,0.0173,0.019,0.0209,0.0196,0.0201,0.0173,0.0216,0.0235,0.0233,0.0188,0.0218,0.0191,0.0202,0.0187,0.0238,0.0177,0.0199,0.0205,0.0218,0.0181,0.0196,0.0218,0.0213,0.0217,0.0223,0.0188,0.0201,0.0176,0.0193,0.0193,0.0201,0.0213,0.0212,0.0184,0.021,0.0207,0.0205,0.016,0.021,0.0189,NA,0.0178,0.0212,0.0192,0.0192,0.0183,0.0225,0.0215,0.0194,0.019,0.0178,0.0192,0.0196,0.0247,0.0203,0.0212,0.0195,0.0216,0.0202,0.0191,0.0205,0.0234,0.0203,0.0184,0.0185,0.0201,0.0224,0.0199,0.0212,0.0184,0.0185,0.0199,0.0199,0.0197,0.024,0.0209,0.0173,0.0212,0.021,0.0196,0.0187,0.0198,0.0198,0.0184,0.0195,0.0212
"v-56",0.0209,0.021,0.0185,0.0168,0.0192,0.0195,0.0206,0.0188,0.0194,0.0192,0.0212,0.021,0.0205,0.0205,0.02,0.0162,0.0218,0.0201,0.0193,0.0219,0.0197,0.0204,0.0182,0.0195,0.0199,0.0153,0.0186,0.0172,0.0182,0.0178,0.0174,0.0183,0.019,0.0202,0.0199,0.0192,0.0198,0.0197,0.0196,0.0198,0.0212,0.0206,0.0195,0.0217,0.0195,0.0191,0.0189,0.0192,0.0198,0.0197,0.0189,0.0211,0.0214,0.0225,0.0178,NA,0.018,0.0228,0.0205,0.0196,0.0212,0.021,0.0192,0.02,0.0209,0.0202,0.018,0.0194,0.0212,0.0182,0.0219,0.0189,0.0203,0.0206,0.0182,0.0205,0.0212,0.0208,0.0198,0.0204,0.0203,0.0197,0.0211,0.0199,0.0185,0.0184,0.022,0.021,0.0192,0.0221,0.0199,0.0229,0.02,0.0173,0.0196,0.0211,0.0206,0.0207,0.0191,0.019
"v-57",0.0193,0.0201,0.0209,0.0195,0.019,0.0201,0.0227,0.0184,0.0188,0.0174,0.0216,0.0207,0.0191,0.0218,0.0203,0.0194,0.0209,0.0193,0.0193,0.0188,0.0197,0.0171,0.0178,0.0202,0.0204,0.0205,0.0199,0.0217,0.0201,0.0186,0.0203,0.0191,0.0204,0.0215,0.0214,0.0188,0.02,0.0209,0.0192,0.0204,0.0217,0.0187,0.0195,0.0226,0.0192,0.0198,0.0199,0.0188,0.0201,0.0222,0.0225,0.0207,0.0205,0.0208,0.0212,0.018,NA,0.0193,0.0197,0.0196,0.0211,0.0201,0.0187,0.0206,0.021,0.0217,0.0217,0.0196,0.0214,0.0198,0.0198,0.0207,0.0183,0.0189,0.0191,0.0195,0.0173,0.0194,0.0183,0.0187,0.021,0.0205,0.0206,0.021,0.0209,0.0203,0.021,0.0199,0.021,0.0222,0.0194,0.0192,0.0196,0.0195,0.0202,0.018,0.0193,0.0196,0.0201,0.0197
"v-58",0.02,0.0218,0.0207,0.0194,0.0196,0.0203,0.0187,0.02,0.0226,0.0214,0.0172,0.0197,0.0211,0.02,0.02,0.0204,0.02,0.0196,0.0226,0.019,0.0209,0.0179,0.0232,0.0167,0.0196,0.0214,0.0194,0.02,0.0198,0.0199,0.021,0.0221,0.0207,0.0199,0.0207,0.0223,0.0205,0.0189,0.0178,0.0189,0.021,0.0198,0.0208,0.0189,0.0192,0.0195,0.0184,0.0209,0.0167,0.0175,0.0215,0.0188,0.02,0.0202,0.0192,0.0228,0.0193,NA,0.0202,0.02,0.0195,0.0165,0.0203,0.0198,0.0199,0.0224,0.0197,0.0187,0.0191,0.0189,0.0208,0.0208,0.02,0.0221,0.0188,0.0193,0.0204,0.0186,0.0201,0.0229,0.0193,0.0191,0.0194,0.0186,0.0194,0.0204,0.0226,0.0195,0.0214,0.0172,0.0203,0.0228,0.0225,0.0197,0.0206,0.0188,0.0186,0.0198,0.0219,0.0201
"v-59",0.0216,0.0187,0.0221,0.0196,0.0212,0.0209,0.0224,0.0205,0.0205,0.0169,0.0169,0.0192,0.0225,0.0179,0.0209,0.0189,0.0216,0.019,0.0188,0.0215,0.02,0.0193,0.0198,0.0198,0.0196,0.0209,0.018,0.0191,0.0192,0.022,0.0226,0.0202,0.0203,0.0196,0.0203,0.0195,0.0206,0.0193,0.0188,0.0204,0.0209,0.021,0.0216,0.0192,0.0211,0.0203,0.02,0.0188,0.0201,0.0179,0.0212,0.0195,0.0177,0.0192,0.0192,0.0205,0.0197,0.0202,NA,0.0197,0.0184,0.0196,0.02,0.0193,0.0225,0.0189,0.0222,0.0196,0.0196,0.023,0.0201,0.0191,0.022,0.0231,0.0213,0.0182,0.0214,0.0222,0.0219,0.0168,0.0207,0.0203,0.0223,0.019,0.0234,0.0235,0.0185,0.0226,0.0203,0.0183,0.0216,0.0233,0.0194,0.0185,0.0189,0.0199,0.0204,0.0194,0.0207,0.0209
"v-60",0.0193,0.0187,0.0202,0.0186,0.0194,0.0182,0.021,0.0206,0.0221,0.0194,0.0208,0.0202,0.0203,0.0229,0.0192,0.0191,0.0175,0.0177,0.0199,0.0196,0.0203,0.0201,0.0187,0.0224,0.0202,0.0195,0.0208,0.019,0.0191,0.0199,0.0214,0.02,0.018,0.0195,0.0228,0.0205,0.0188,0.0176,0.0187,0.0226,0.0191,0.0196,0.0202,0.0186,0.0182,0.0209,0.0201,0.0207,0.0217,0.0188,0.0232,0.0197,0.0194,0.0206,0.0183,0.0196,0.0196,0.02,0.0197,NA,0.0196,0.0176,0.0181,0.0214,0.0191,0.0197,0.0192,0.0225,0.021,0.0218,0.0209,0.0204,0.0187,0.0202,0.0212,0.0215,0.0205,0.0212,0.0192,0.0203,0.0217,0.0174,0.0222,0.02,0.0184,0.0192,0.0193,0.0218,0.0208,0.0212,0.0197,0.0208,0.0215,0.0215,0.0234,0.0195,0.0192,0.0211,0.0201,0.0212
"v-61",0.0205,0.0196,0.0204,0.0213,0.0239,0.0214,0.0206,0.0205,0.0202,0.0201,0.0202,0.0209,0.0205,0.0202,0.0212,0.0211,0.0192,0.021,0.0193,0.0193,0.0187,0.0227,0.019,0.0236,0.0178,0.0172,0.0168,0.0193,0.0176,0.0217,0.0212,0.0203,0.0208,0.0214,0.0192,0.0219,0.0207,0.0212,0.0221,0.0177,0.0216,0.0186,0.0212,0.0196,0.0215,0.019,0.0172,0.0199,0.0202,0.0224,0.02,0.0202,0.0205,0.0181,0.0225,0.0212,0.0211,0.0195,0.0184,0.0196,NA,0.0171,0.0199,0.018,0.0203,0.021,0.0197,0.0206,0.0198,0.021,0.0233,0.0209,0.0192,0.0216,0.0197,0.0209,0.0224,0.0202,0.0183,0.0205,0.0214,0.0189,0.0207,0.0197,0.023,0.0197,0.019,0.0207,0.0221,0.0198,0.0186,0.023,0.0215,0.0215,0.0207,0.0187,0.0207,0.0205,0.0197,0.0194
"v-62",0.021,0.0186,0.0207,0.0189,0.0211,0.0192,0.0198,0.0219,0.0198,0.0181,0.0231,0.0212,0.021,0.0184,0.019,0.0182,0.0196,0.0216,0.0213,0.0207,0.0184,0.0227,0.0207,0.0189,0.0182,0.0173,0.0207,0.02,0.0205,0.0186,0.0195,0.0191,0.0194,0.0191,0.0205,0.0191,0.0186,0.0216,0.0214,0.0218,0.0183,0.0189,0.0175,0.0216,0.02,0.0197,0.022,0.0209,0.0221,0.0218,0.0195,0.0194,0.0206,0.0188,0.0215,0.021,0.0201,0.0165,0.0196,0.0176,0.0171,NA,0.0208,0.0203,0.0214,0.0194,0.0178,0.0229,0.0217,0.0166,0.0217,0.0228,0.0197,0.0202,0.0199,0.0222,0.0215,0.0203,0.0203,0.0207,0.0203,0.0202,0.0181,0.0209,0.0194,0.0176,0.0195,0.0199,0.0214,0.0204,0.0206,0.0196,0.0248,0.0203,0.0206,0.0219,0.0182,0.0207,0.0194,0.0211
"v-63",0.0224,0.0167,0.0191,0.0204,0.0192,0.0207,0.022,0.0221,0.0205,0.0201,0.0196,0.0185,0.0214,0.022,0.0178,0.0217,0.0204,0.019,0.0216,0.0201,0.0183,0.0198,0.0196,0.0181,0.0234,0.0185,0.0207,0.0206,0.0177,0.0199,0.0198,0.0194,0.0233,0.0222,0.0195,0.0216,0.0185,0.017,0.0177,0.0197,0.0194,0.0208,0.0193,0.0201,0.0191,0.0176,0.0152,0.021,0.0204,0.0183,0.0229,0.0211,0.0214,0.0201,0.0194,0.0192,0.0187,0.0203,0.02,0.0181,0.0199,0.0208,NA,0.0219,0.0204,0.0186,0.0184,0.0218,0.0192,0.0184,0.0183,0.0199,0.0188,0.0203,0.0202,0.0198,0.0205,0.0198,0.0175,0.0198,0.0187,0.019,0.0207,0.0198,0.0208,0.0179,0.0195,0.0193,0.022,0.0211,0.0209,0.0216,0.0184,0.0187,0.0182,0.0209,0.0171,0.0227,0.0231,0.0227
"v-64",0.0186,0.0209,0.0218,0.0169,0.0186,0.0198,0.0204,0.0205,0.0206,0.0193,0.0209,0.0182,0.0218,0.0194,0.0187,0.0223,0.0212,0.0195,0.0156,0.0164,0.0219,0.0185,0.0196,0.0217,0.0192,0.0237,0.0218,0.0189,0.018,0.0204,0.0179,0.0212,0.0187,0.0213,0.0221,0.0211,0.0199,0.0172,0.0173,0.0201,0.0194,0.0189,0.0222,0.0191,0.0205,0.0213,0.0209,0.0195,0.0206,0.0204,0.0207,0.0214,0.0217,0.0193,0.019,0.02,0.0206,0.0198,0.0193,0.0214,0.018,0.0203,0.0219,NA,0.0219,0.0198,0.0199,0.0191,0.0221,0.0218,0.0199,0.0199,0.0213,0.0193,0.0174,0.0201,0.0175,0.0224,0.0209,0.0202,0.0219,0.0203,0.0184,0.0187,0.0205,0.0238,0.0186,0.0204,0.02,0.0227,0.0213,0.0183,0.0219,0.0195,0.02,0.0189,0.0199,0.0167,0.0188,0.0183
"v-65",0.0224,0.0208,0.0217,0.0178,0.0219,0.0186,0.0192,0.0179,0.0197,0.0202,0.021,0.0219,0.023,0.0199,0.0207,0.019,0.0196,0.0172,0.0202,0.0194,0.0212,0.0192,0.0218,0.0209,0.02,0.021,0.0204,0.019,0.0203,0.0209,0.0219,0.0203,0.0216,0.0169,0.0219,0.0175,0.0199,0.0221,0.0203,0.0206,0.022,0.022,0.0191,0.018,0.0207,0.0205,0.0197,0.0179,0.0195,0.0211,0.0208,0.0208,0.0185,0.021,0.0178,0.0209,0.021,0.0199,0.0225,0.0191,0.0203,0.0214,0.0204,0.0219,NA,0.0184,0.0203,0.0234,0.0179,0.0213,0.0191,0.0196,0.0208,0.0186,0.0206,0.0218,0.0172,0.0193,0.0212,0.0186,0.0207,0.0187,0.0209,0.022,0.0202,0.0198,0.0193,0.0193,0.0175,0.0179,0.0204,0.0203,0.0196,0.0182,0.0173,0.02,0.0211,0.0175,0.0206,0.0211
"v-66",0.0205,0.0225,0.0203,0.0209,0.0191,0.0183,0.0198,0.019,0.0235,0.0226,0.0186,0.0196,0.0199,0.02,0.021,0.0189,0.0183,0.0171,0.0195,0.0202,0.0199,0.0193,0.0209,0.0196,0.0178,0.0204,0.0192,0.0225,0.0198,0.0196,0.0208,0.0214,0.018,0.0212,0.019,0.0183,0.0215,0.018,0.0178,0.0202,0.0211,0.0214,0.0176,0.0201,0.0186,0.0198,0.0198,0.0207,0.0177,0.0183,0.0221,0.0186,0.0214,0.0204,0.0192,0.0202,0.0217,0.0224,0.0189,0.0197,0.021,0.0194,0.0186,0.0198,0.0184,NA,0.0183,0.0218,0.0195,0.0193,0.0198,0.0183,0.0186,0.0204,0.0203,0.0209,0.0202,0.0209,0.0175,0.0208,0.0186,0.0208,0.0175,0.0208,0.0203,0.0201,0.0201,0.0191,0.0197,0.0206,0.0183,0.0201,0.0186,0.0194,0.0209,0.02,0.0216,0.0212,0.0214,0.0205
"v-67",0.0213,0.023,0.0211,0.0218,0.0202,0.0203,0.0219,0.0215,0.0228,0.0212,0.0191,0.0207,0.0207,0.0193,0.0188,0.02,0.0184,0.0217,0.0196,0.0198,0.0237,0.0179,0.0217,0.019,0.0194,0.0205,0.0224,0.0218,0.0197,0.0219,0.021,0.0165,0.0186,0.0208,0.0197,0.0194,0.0238,0.0202,0.022,0.0221,0.0217,0.0221,0.0221,0.0191,0.0191,0.0223,0.0182,0.0183,0.0191,0.021,0.0192,0.0203,0.0212,0.0206,0.0196,0.018,0.0217,0.0197,0.0222,0.0192,0.0197,0.0178,0.0184,0.0199,0.0203,0.0183,NA,0.0171,0.0224,0.0211,0.0214,0.0192,0.0232,0.0177,0.0218,0.0192,0.0202,0.019,0.0209,0.0215,0.0185,0.0193,0.0221,0.0206,0.0242,0.0225,0.0222,0.0239,0.0181,0.0194,0.0219,0.0207,0.0178,0.021,0.02,0.0145,0.0224,0.018,0.0193,0.019
"v-68",0.0185,0.0191,0.0177,0.0214,0.0209,0.0193,0.0206,0.0198,0.0213,0.0203,0.0215,0.0192,0.0166,0.0192,0.0207,0.02,0.018,0.022,0.0238,0.0176,0.0212,0.0201,0.0169,0.0209,0.0181,0.0192,0.0197,0.023,0.0204,0.019,0.0219,0.0206,0.0201,0.0198,0.0173,0.0239,0.019,0.0216,0.0199,0.0188,0.0218,0.0221,0.0216,0.0198,0.0185,0.0216,0.0217,0.0221,0.0213,0.0238,0.0195,0.02,0.0194,0.0189,0.0247,0.0194,0.0196,0.0187,0.0196,0.0225,0.0206,0.0229,0.0218,0.0191,0.0234,0.0218,0.0171,NA,0.0204,0.0194,0.0197,0.0203,0.02,0.0209,0.0171,0.0228,0.0211,0.02,0.02,0.0212,0.0198,0.0214,0.0186,0.0191,0.0165,0.0223,0.0195,0.0166,0.0224,0.0189,0.0209,0.0225,0.0212,0.0199,0.0178,0.0204,0.0205,0.0206,0.0187,0.0209
"v-69",0.0203,0.019,0.0196,0.018,0.0192,0.0185,0.0194,0.0228,0.019,0.0213,0.0213,0.022,0.0198,0.0199,0.0186,0.0175,0.0188,0.016,0.0206,0.0207,0.0191,0.0217,0.0188,0.0201,0.0212,0.0205,0.0205,0.0198,0.0204,0.0193,0.0168,0.0193,0.0219,0.0179,0.0208,0.0211,0.0198,0.0213,0.0216,0.0182,0.0201,0.0212,0.0195,0.0192,0.019,0.0183,0.0186,0.0205,0.018,0.0183,0.0203,0.0213,0.0219,0.0197,0.0203,0.0212,0.0214,0.0191,0.0196,0.021,0.0198,0.0217,0.0192,0.0221,0.0179,0.0195,0.0224,0.0204,NA,0.0183,0.0199,0.0195,0.0174,0.0186,0.0176,0.0194,0.0192,0.0206,0.0202,0.0204,0.0225,0.0217,0.0231,0.0212,0.0188,0.0211,0.0197,0.0182,0.0189,0.0198,0.0193,0.0192,0.0212,0.0204,0.0183,0.0212,0.0175,0.0215,0.0203,0.0218
"v-70",0.0211,0.0236,0.0208,0.0215,0.0207,0.0233,0.0221,0.0229,0.0181,0.0215,0.0169,0.0219,0.0212,0.0188,0.0231,0.0214,0.0217,0.0197,0.0206,0.018,0.0207,0.0203,0.0189,0.0215,0.021,0.0212,0.0208,0.0195,0.0198,0.0226,0.0189,0.0228,0.0189,0.0214,0.0234,0.0186,0.022,0.0177,0.0202,0.0185,0.0203,0.0227,0.0228,0.0208,0.0194,0.0177,0.0194,0.0165,0.0193,0.0201,0.0209,0.0223,0.0183,0.0194,0.0212,0.0182,0.0198,0.0189,0.023,0.0218,0.021,0.0166,0.0184,0.0218,0.0213,0.0193,0.0211,0.0194,0.0183,NA,0.0185,0.019,0.023,0.0195,0.022,0.0204,0.0214,0.0209,0.0168,0.0184,0.0214,0.0191,0.0212,0.0199,0.0191,0.0215,0.02,0.0224,0.0193,0.0203,0.0194,0.0211,0.0177,0.0201,0.0195,0.0203,0.0213,0.0186,0.0213,0.0189
"v-71",0.0189,0.0192,0.0179,0.0206,0.0221,0.0214,0.02,0.0197,0.0201,0.0191,0.0217,0.0186,0.0228,0.0209,0.0212,0.0193,0.0169,0.0202,0.0193,0.0178,0.0205,0.0216,0.0195,0.0195,0.0194,0.0204,0.0209,0.0211,0.0181,0.0207,0.02,0.0229,0.0214,0.0201,0.0188,0.0205,0.0209,0.022,0.0208,0.0181,0.0196,0.0196,0.0204,0.0214,0.0193,0.0185,0.0213,0.0205,0.0213,0.0236,0.0179,0.0221,0.0184,0.0203,0.0195,0.0219,0.0198,0.0208,0.0201,0.0209,0.0233,0.0217,0.0183,0.0199,0.0191,0.0198,0.0214,0.0197,0.0199,0.0185,NA,0.0211,0.0194,0.0185,0.0223,0.0211,0.0197,0.0213,0.0216,0.0225,0.0192,0.0206,0.0181,0.0216,0.0209,0.018,0.0183,0.0204,0.0225,0.0208,0.0208,0.0217,0.021,0.0177,0.0163,0.0196,0.019,0.0202,0.0199,0.0223
"v-72",0.0199,0.0186,0.0169,0.0206,0.023,0.0204,0.02,0.0179,0.0191,0.0191,0.0216,0.02,0.0191,0.0212,0.0194,0.021,0.0182,0.0208,0.0215,0.0201,0.021,0.0208,0.021,0.0178,0.0196,0.0192,0.019,0.0201,0.0213,0.0193,0.0202,0.0197,0.0181,0.0202,0.0213,0.0198,0.0199,0.0202,0.0185,0.0204,0.0185,0.0192,0.0194,0.0209,0.0196,0.0214,0.0199,0.0229,0.0202,0.0188,0.0185,0.0221,0.0206,0.0205,0.0216,0.0189,0.0207,0.0208,0.0191,0.0204,0.0209,0.0228,0.0199,0.0199,0.0196,0.0183,0.0192,0.0203,0.0195,0.019,0.0211,NA,0.0184,0.0199,0.0201,0.0156,0.0192,0.0203,0.0177,0.02,0.0204,0.0185,0.0175,0.0201,0.0186,0.0202,0.0214,0.0196,0.0205,0.0226,0.0205,0.0218,0.0193,0.0203,0.0186,0.0196,0.0209,0.0208,0.0194,0.0214
"v-73",0.0214,0.019,0.0202,0.0184,0.0201,0.0181,0.0205,0.0213,0.0182,0.0175,0.0178,0.0193,0.0201,0.0198,0.0189,0.019,0.0199,0.0214,0.02,0.0186,0.0202,0.018,0.0199,0.0219,0.0222,0.0185,0.0203,0.0192,0.0217,0.0203,0.0175,0.0216,0.0195,0.0209,0.0207,0.0211,0.0232,0.0201,0.0185,0.0209,0.0211,0.0214,0.018,0.0195,0.0216,0.0189,0.0206,0.0203,0.0197,0.0242,0.0213,0.0215,0.0193,0.0191,0.0202,0.0203,0.0183,0.02,0.022,0.0187,0.0192,0.0197,0.0188,0.0213,0.0208,0.0186,0.0232,0.02,0.0174,0.023,0.0194,0.0184,NA,0.0186,0.02,0.0205,0.0207,0.0201,0.0225,0.0187,0.0194,0.0199,0.0219,0.0208,0.0214,0.0198,0.0168,0.021,0.0188,0.0201,0.0199,0.0187,0.0206,0.0196,0.0197,0.0208,0.0196,0.0195,0.0188,0.0173
"v-74",0.021,0.0189,0.0189,0.0187,0.0253,0.0191,0.018,0.0194,0.0201,0.0205,0.0191,0.0209,0.0195,0.0198,0.0188,0.0212,0.0194,0.0178,0.0192,0.0203,0.019,0.0179,0.0203,0.0231,0.0221,0.0214,0.0181,0.0212,0.0205,0.0172,0.0198,0.0227,0.0225,0.0187,0.0185,0.0196,0.0174,0.0214,0.0183,0.0204,0.0186,0.0194,0.0214,0.0189,0.0191,0.0218,0.0202,0.02,0.0191,0.0216,0.0185,0.0174,0.0188,0.0192,0.0191,0.0206,0.0189,0.0221,0.0231,0.0202,0.0216,0.0202,0.0203,0.0193,0.0186,0.0204,0.0177,0.0209,0.0186,0.0195,0.0185,0.0199,0.0186,NA,0.0218,0.0193,0.0189,0.02,0.0198,0.0169,0.0164,0.019,0.019,0.0223,0.0205,0.0196,0.0186,0.0221,0.0184,0.0201,0.0207,0.0212,0.0208,0.0188,0.0188,0.0239,0.0197,0.0198,0.0157,0.0202
"v-75",0.0184,0.0199,0.0206,0.0193,0.0202,0.0201,0.0212,0.0205,0.0187,0.0213,0.0182,0.0209,0.0183,0.0207,0.0205,0.0175,0.0197,0.0195,0.0206,0.0219,0.0183,0.0207,0.0201,0.019,0.0211,0.0213,0.0214,0.0205,0.0178,0.0191,0.0188,0.021,0.0206,0.0178,0.0182,0.0201,0.0186,0.0206,0.0204,0.0196,0.0195,0.0189,0.0201,0.0194,0.0204,0.0205,0.0205,0.0179,0.0182,0.0214,0.0195,0.0213,0.0195,0.0182,0.0205,0.0182,0.0191,0.0188,0.0213,0.0212,0.0197,0.0199,0.0202,0.0174,0.0206,0.0203,0.0218,0.0171,0.0176,0.022,0.0223,0.0201,0.02,0.0218,NA,0.0218,0.0212,0.0175,0.0189,0.0178,0.0216,0.0198,0.0205,0.0184,0.0185,0.0208,0.0185,0.0183,0.0196,0.0188,0.0196,0.02,0.021,0.024,0.0202,0.0209,0.0189,0.0203,0.0175,0.0215
"v-76",0.0216,0.0207,0.0186,0.0202,0.0208,0.0214,0.022,0.0202,0.0205,0.0194,0.0226,0.0204,0.0198,0.0199,0.0187,0.0215,0.0215,0.0216,0.0199,0.019,0.0188,0.0202,0.0183,0.0188,0.0175,0.0183,0.0197,0.0242,0.0182,0.0192,0.0213,0.0189,0.0219,0.02,0.0205,0.0202,0.0199,0.0194,0.0212,0.0198,0.0199,0.0209,0.0191,0.0179,0.0204,0.0185,0.0203,0.0219,0.0185,0.0202,0.02,0.0196,0.0207,0.0178,0.0234,0.0205,0.0195,0.0193,0.0182,0.0215,0.0209,0.0222,0.0198,0.0201,0.0218,0.0209,0.0192,0.0228,0.0194,0.0204,0.0211,0.0156,0.0205,0.0193,0.0218,NA,0.023,0.0192,0.0196,0.0208,0.0192,0.0192,0.0197,0.0193,0.0195,0.0211,0.0216,0.019,0.0209,0.0223,0.0216,0.0193,0.0224,0.0192,0.0201,0.0204,0.0198,0.0208,0.0188,0.0219
"v-77",0.0205,0.0178,0.0206,0.0214,0.0218,0.0211,0.0186,0.0208,0.0211,0.0234,0.0205,0.0207,0.0213,0.0206,0.0187,0.0211,0.0196,0.0221,0.0225,0.0186,0.0189,0.0207,0.0209,0.0173,0.0185,0.0176,0.0192,0.022,0.0208,0.0198,0.0206,0.0192,0.017,0.0203,0.0185,0.0191,0.0208,0.0193,0.0228,0.0189,0.022,0.0175,0.0226,0.0188,0.0187,0.0198,0.02,0.0195,0.0206,0.0236,0.02,0.0204,0.0216,0.0205,0.0203,0.0212,0.0173,0.0204,0.0214,0.0205,0.0224,0.0215,0.0205,0.0175,0.0172,0.0202,0.0202,0.0211,0.0192,0.0214,0.0197,0.0192,0.0207,0.0189,0.0212,0.023,NA,0.0172,0.0221,0.0235,0.0193,0.0218,0.0191,0.0199,0.0166,0.0191,0.02,0.0181,0.0216,0.0189,0.0209,0.0196,0.0214,0.0187,0.0188,0.0208,0.0188,0.0231,0.0191,0.0214
"v-78",0.022,0.0213,0.021,0.0213,0.0211,0.0201,0.0203,0.0198,0.0225,0.0198,0.0195,0.0202,0.0212,0.0173,0.0177,0.019,0.0197,0.0179,0.0192,0.0183,0.0217,0.0175,0.0201,0.0244,0.0217,0.0209,0.0236,0.0175,0.0188,0.0211,0.0222,0.0196,0.0187,0.0213,0.0204,0.0244,0.022,0.0206,0.0217,0.0203,0.022,0.0199,0.0211,0.0187,0.0186,0.0218,0.0188,0.0216,0.0203,0.0184,0.0202,0.0212,0.0196,0.0197,0.0184,0.0208,0.0194,0.0186,0.0222,0.0212,0.0202,0.0203,0.0198,0.0224,0.0193,0.0209,0.019,0.02,0.0206,0.0209,0.0213,0.0203,0.0201,0.02,0.0175,0.0192,0.0172,NA,0.0198,0.0201,0.0208,0.0196,0.0224,0.0213,0.0218,0.0204,0.02,0.0227,0.0186,0.0202,0.021,0.0198,0.0185,0.0224,0.0172,0.0179,0.0188,0.0186,0.0184,0.0191
"v-79",0.0207,0.0201,0.0201,0.0195,0.0187,0.0199,0.0218,0.0172,0.0195,0.0182,0.0174,0.0199,0.0216,0.0185,0.0214,0.0182,0.0227,0.0211,0.0189,0.0208,0.0212,0.0212,0.0207,0.0221,0.0222,0.0229,0.0205,0.018,0.0193,0.0244,0.0213,0.02,0.019,0.019,0.022,0.0196,0.0195,0.0192,0.0177,0.0203,0.0212,0.0222,0.0236,0.0178,0.0183,0.0197,0.0181,0.0194,0.0196,0.0181,0.0209,0.0204,0.0199,0.0205,0.0185,0.0198,0.0183,0.0201,0.0219,0.0192,0.0183,0.0203,0.0175,0.0209,0.0212,0.0175,0.0209,0.02,0.0202,0.0168,0.0216,0.0177,0.0225,0.0198,0.0189,0.0196,0.0221,0.0198,NA,0.0177,0.0206,0.0198,0.019,0.0218,0.0208,0.0196,0.0207,0.0208,0.0216,0.0197,0.0207,0.0188,0.0181,0.0208,0.0195,0.0203,0.0207,0.017,0.0199,0.0198
"v-80",0.0169,0.0171,0.02,0.0202,0.0198,0.0198,0.0198,0.0189,0.02,0.0218,0.0204,0.0205,0.0198,0.0193,0.0204,0.0199,0.017,0.0194,0.0211,0.0223,0.0199,0.0199,0.0215,0.0173,0.0195,0.0215,0.0209,0.0217,0.0209,0.0198,0.0203,0.0202,0.0208,0.0231,0.0199,0.0207,0.019,0.0213,0.022,0.0204,0.0222,0.0208,0.0189,0.0217,0.0221,0.0201,0.0238,0.0227,0.021,0.0239,0.0186,0.0185,0.0209,0.0193,0.0201,0.0204,0.0187,0.0229,0.0168,0.0203,0.0205,0.0207,0.0198,0.0202,0.0186,0.0208,0.0215,0.0212,0.0204,0.0184,0.0225,0.02,0.0187,0.0169,0.0178,0.0208,0.0235,0.0201,0.0177,NA,0.0201,0.0221,0.0183,0.0182,0.0176,0.021,0.0176,0.0178,0.0202,0.0184,0.0189,0.0222,0.019,0.0212,0.0213,0.0195,0.0198,0.0205,0.0201,0.0218
"v-81",0.0191,0.0194,0.0222,0.0197,0.0189,0.0173,0.0236,0.0223,0.0205,0.0206,0.0169,0.0224,0.0226,0.0208,0.0216,0.0199,0.0196,0.0194,0.0195,0.0202,0.0192,0.0189,0.0221,0.0219,0.0207,0.0204,0.0199,0.0208,0.0209,0.0211,0.0173,0.0194,0.0211,0.0199,0.0218,0.0185,0.0193,0.0175,0.0189,0.0207,0.0206,0.0222,0.0182,0.0205,0.0201,0.0195,0.019,0.0197,0.0194,0.0216,0.0202,0.0207,0.0185,0.0183,0.0224,0.0203,0.021,0.0193,0.0207,0.0217,0.0214,0.0203,0.0187,0.0219,0.0207,0.0186,0.0185,0.0198,0.0225,0.0214,0.0192,0.0204,0.0194,0.0164,0.0216,0.0192,0.0193,0.0208,0.0206,0.0201,NA,0.0177,0.0219,0.0187,0.0198,0.0163,0.0207,0.0228,0.019,0.0228,0.0193,0.0183,0.0195,0.0196,0.0221,0.0179,0.0213,0.0228,0.0197,0.0197
"v-82",0.0184,0.02,0.0188,0.0221,0.02,0.0185,0.0211,0.0216,0.0194,0.0194,0.0199,0.0195,0.0208,0.019,0.0198,0.0189,0.0218,0.0197,0.0171,0.0196,0.0223,0.0192,0.0197,0.0203,0.0197,0.0186,0.0196,0.0212,0.0211,0.0222,0.0194,0.0201,0.0195,0.0198,0.023,0.0198,0.0233,0.0209,0.0192,0.0205,0.0194,0.0191,0.0219,0.0215,0.0189,0.0201,0.0208,0.0206,0.0197,0.0174,0.0203,0.0183,0.0184,0.0213,0.0199,0.0197,0.0205,0.0191,0.0203,0.0174,0.0189,0.0202,0.019,0.0203,0.0187,0.0208,0.0193,0.0214,0.0217,0.0191,0.0206,0.0185,0.0199,0.019,0.0198,0.0192,0.0218,0.0196,0.0198,0.0221,0.0177,NA,0.0191,0.0198,0.0196,0.0194,0.0207,0.0168,0.0208,0.02,0.0212,0.019,0.0219,0.0237,0.0206,0.0207,0.02,0.0193,0.0199,0.0199
"v-83",0.0216,0.0217,0.019,0.0192,0.0204,0.0202,0.0201,0.0198,0.0176,0.0195,0.0192,0.0203,0.0213,0.0209,0.0182,0.0209,0.0213,0.0187,0.0204,0.0201,0.0223,0.0194,0.0228,0.0202,0.0224,0.0204,0.0203,0.0193,0.0192,0.0216,0.0198,0.0201,0.0179,0.0205,0.0198,0.0202,0.0187,0.0184,0.017,0.0199,0.021,0.0227,0.0222,0.0192,0.0203,0.0183,0.0202,0.0233,0.02,0.0189,0.0208,0.0209,0.0172,0.0209,0.0212,0.0211,0.0206,0.0194,0.0223,0.0222,0.0207,0.0181,0.0207,0.0184,0.0209,0.0175,0.0221,0.0186,0.0231,0.0212,0.0181,0.0175,0.0219,0.019,0.0205,0.0197,0.0191,0.0224,0.019,0.0183,0.0219,0.0191,NA,0.0204,0.0202,0.0212,0.0203,0.0184,0.0189,0.0207,0.0174,0.0184,0.019,0.0182,0.0192,0.0181,0.0226,0.0189,0.0192,0.0203
"v-84",0.0218,0.021,0.0214,0.0196,0.0178,0.0193,0.0207,0.0195,0.0217,0.0205,0.0203,0.0191,0.0218,0.018,0.0173,0.0177,0.019,0.0189,0.0182,0.0186,0.0186,0.0207,0.0202,0.0171,0.0222,0.022,0.0215,0.0216,0.0177,0.0214,0.0192,0.0206,0.0204,0.0203,0.0229,0.0188,0.0197,0.0207,0.0189,0.0198,0.021,0.0181,0.0208,0.0184,0.0189,0.0196,0.0197,0.0165,0.0185,0.0225,0.0207,0.0214,0.019,0.0211,0.0184,0.0199,0.021,0.0186,0.019,0.02,0.0197,0.0209,0.0198,0.0187,0.022,0.0208,0.0206,0.0191,0.0212,0.0199,0.0216,0.0201,0.0208,0.0223,0.0184,0.0193,0.0199,0.0213,0.0218,0.0182,0.0187,0.0198,0.0204,NA,0.0193,0.0206,0.0227,0.0181,0.0212,0.0217,0.0184,0.019,0.0183,0.0184,0.0189,0.0212,0.0219,0.0216,0.0181,0.0189
"v-85",0.0227,0.0194,0.0206,0.0208,0.0177,0.02,0.0213,0.0189,0.0202,0.0193,0.0196,0.0202,0.0191,0.0201,0.0187,0.0178,0.0196,0.0184,0.0192,0.0226,0.0218,0.0196,0.0217,0.0199,0.0227,0.018,0.0215,0.0204,0.0196,0.0205,0.0193,0.0183,0.0216,0.0191,0.0202,0.0195,0.0187,0.0197,0.0163,0.0195,0.0202,0.0186,0.021,0.0201,0.0191,0.02,0.0212,0.0197,0.0203,0.0211,0.0183,0.0214,0.0193,0.0209,0.0185,0.0185,0.0209,0.0194,0.0234,0.0184,0.023,0.0194,0.0208,0.0205,0.0202,0.0203,0.0242,0.0165,0.0188,0.0191,0.0209,0.0186,0.0214,0.0205,0.0185,0.0195,0.0166,0.0218,0.0208,0.0176,0.0198,0.0196,0.0202,0.0193,NA,0.022,0.0202,0.0208,0.0193,0.021,0.0197,0.0226,0.0174,0.0212,0.022,0.0201,0.0202,0.0189,0.0217,0.0213
"v-86",0.0202,0.0204,0.0216,0.0193,0.0191,0.0199,0.0208,0.0159,0.0207,0.017,0.0177,0.02,0.0211,0.0191,0.022,0.0197,0.021,0.019,0.0188,0.0196,0.0213,0.0219,0.0209,0.0186,0.0222,0.024,0.0223,0.0216,0.0224,0.0221,0.0218,0.0205,0.0205,0.0198,0.0213,0.0198,0.0196,0.0183,0.019,0.0212,0.0189,0.0198,0.0208,0.0202,0.0208,0.0196,0.0202,0.0219,0.0184,0.0175,0.0208,0.02,0.0252,0.0196,0.0199,0.0184,0.0203,0.0204,0.0235,0.0192,0.0197,0.0176,0.0179,0.0238,0.0198,0.0201,0.0225,0.0223,0.0211,0.0215,0.018,0.0202,0.0198,0.0196,0.0208,0.0211,0.0191,0.0204,0.0196,0.021,0.0163,0.0194,0.0212,0.0206,0.022,NA,0.0209,0.0218,0.0205,0.0196,0.0188,0.021,0.018,0.0179,0.0199,0.0206,0.0213,0.0172,0.0188,0.0191
"v-87",0.0204,0.0191,0.0217,0.0215,0.0212,0.0197,0.0204,0.0192,0.0186,0.0205,0.0193,0.02,0.0184,0.0211,0.0201,0.0183,0.0177,0.0218,0.0208,0.0215,0.0201,0.0192,0.0211,0.0226,0.0221,0.0185,0.0186,0.019,0.0171,0.0229,0.0216,0.0204,0.0207,0.0209,0.0197,0.0184,0.0199,0.0196,0.0198,0.0208,0.0211,0.0206,0.0198,0.0225,0.0182,0.0195,0.0212,0.0226,0.0186,0.0176,0.0209,0.0181,0.0219,0.0185,0.0199,0.022,0.021,0.0226,0.0185,0.0193,0.019,0.0195,0.0195,0.0186,0.0193,0.0201,0.0222,0.0195,0.0197,0.02,0.0183,0.0214,0.0168,0.0186,0.0185,0.0216,0.02,0.02,0.0207,0.0176,0.0207,0.0207,0.0203,0.0227,0.0202,0.0209,NA,0.0174,0.0203,0.0181,0.0192,0.02,0.0188,0.0185,0.0198,0.019,0.0201,0.0214,0.0228,0.0205
"v-88",0.0229,0.0175,0.0173,0.0205,0.0172,0.0191,0.0205,0.0186,0.0194,0.0191,0.0222,0.0196,0.0188,0.0201,0.0201,0.0172,0.0222,0.0222,0.0195,0.0178,0.0207,0.0188,0.0207,0.0214,0.0202,0.0218,0.0216,0.0181,0.0182,0.0193,0.0187,0.02,0.0199,0.0203,0.0183,0.0183,0.0204,0.0207,0.0173,0.0242,0.0224,0.0211,0.0195,0.0195,0.02,0.0187,0.0185,0.0183,0.0202,0.0194,0.0194,0.0205,0.0219,0.0187,0.0197,0.021,0.0199,0.0195,0.0226,0.0218,0.0207,0.0199,0.0193,0.0204,0.0193,0.0191,0.0239,0.0166,0.0182,0.0224,0.0204,0.0196,0.021,0.0221,0.0183,0.019,0.0181,0.0227,0.0208,0.0178,0.0228,0.0168,0.0184,0.0181,0.0208,0.0218,0.0174,NA,0.021,0.0223,0.0195,0.0186,0.02,0.0205,0.0211,0.0207,0.0208,0.0178,0.0212,0.0223
"v-89",0.0198,0.0198,0.0216,0.0209,0.0235,0.0244,0.019,0.017,0.022,0.0189,0.0205,0.0187,0.0207,0.0213,0.0176,0.0196,0.0175,0.0198,0.0206,0.0229,0.0194,0.0196,0.0165,0.0182,0.0182,0.0198,0.022,0.0209,0.023,0.0224,0.0247,0.018,0.0205,0.0184,0.0182,0.0193,0.0217,0.0207,0.0202,0.0221,0.0212,0.0174,0.0202,0.0169,0.0212,0.0196,0.0209,0.0226,0.0209,0.0207,0.0195,0.0203,0.0202,0.0188,0.024,0.0192,0.021,0.0214,0.0203,0.0208,0.0221,0.0214,0.022,0.02,0.0175,0.0197,0.0181,0.0224,0.0189,0.0193,0.0225,0.0205,0.0188,0.0184,0.0196,0.0209,0.0216,0.0186,0.0216,0.0202,0.019,0.0208,0.0189,0.0212,0.0193,0.0205,0.0203,0.021,NA,0.0181,0.0196,0.0213,0.0182,0.0214,0.019,0.0222,0.0205,0.0202,0.0204,0.0221
"v-90",0.0203,0.0192,0.0213,0.0184,0.0187,0.0199,0.02,0.0215,0.0211,0.0186,0.0186,0.0192,0.0206,0.0194,0.0203,0.0197,0.0191,0.0199,0.0191,0.0171,0.0187,0.0207,0.0201,0.022,0.0199,0.0211,0.0231,0.0196,0.0217,0.0212,0.0175,0.0202,0.0205,0.019,0.02,0.0211,0.0222,0.0181,0.0191,0.0219,0.0195,0.0175,0.0197,0.0172,0.0206,0.0187,0.019,0.0204,0.0181,0.0212,0.0218,0.0191,0.0212,0.0211,0.0209,0.0221,0.0222,0.0172,0.0183,0.0212,0.0198,0.0204,0.0211,0.0227,0.0179,0.0206,0.0194,0.0189,0.0198,0.0203,0.0208,0.0226,0.0201,0.0201,0.0188,0.0223,0.0189,0.0202,0.0197,0.0184,0.0228,0.02,0.0207,0.0217,0.021,0.0196,0.0181,0.0223,0.0181,NA,0.0196,0.02,0.0193,0.0195,0.0217,0.0187,0.024,0.0201,0.0183,0.0209
"v-91",0.0175,0.0225,0.019,0.0216,0.0199,0.0205,0.0202,0.0188,0.0191,0.0197,0.0195,0.0206,0.0193,0.0191,0.0195,0.021,0.0182,0.0194,0.0205,0.022,0.0203,0.0192,0.0203,0.0214,0.0196,0.0192,0.0206,0.022,0.0199,0.0196,0.0205,0.0208,0.0194,0.0199,0.0196,0.0206,0.0201,0.0221,0.0175,0.0202,0.0205,0.0186,0.018,0.0206,0.0212,0.0206,0.0191,0.0212,0.0195,0.0194,0.0194,0.0198,0.0212,0.0175,0.0173,0.0199,0.0194,0.0203,0.0216,0.0197,0.0186,0.0206,0.0209,0.0213,0.0204,0.0183,0.0219,0.0209,0.0193,0.0194,0.0208,0.0205,0.0199,0.0207,0.0196,0.0216,0.0209,0.021,0.0207,0.0189,0.0193,0.0212,0.0174,0.0184,0.0197,0.0188,0.0192,0.0195,0.0196,0.0196,NA,0.0202,0.0183,0.0233,0.021,0.0211,0.021,0.0191,0.019,0.0191
"v-92",0.0206,0.0197,0.02,0.021,0.0222,0.0194,0.0182,0.0188,0.0211,0.0215,0.0216,0.0199,0.0199,0.0206,0.0224,0.0212,0.0183,0.0194,0.0207,0.0208,0.0186,0.0213,0.0194,0.0184,0.0198,0.0177,0.0202,0.0222,0.0212,0.0206,0.0188,0.0219,0.0199,0.0199,0.0173,0.0231,0.02,0.02,0.0204,0.0178,0.0198,0.0179,0.0189,0.0191,0.021,0.0182,0.0188,0.0205,0.0201,0.0234,0.0199,0.0214,0.0213,0.0213,0.0212,0.0229,0.0192,0.0228,0.0233,0.0208,0.023,0.0196,0.0216,0.0183,0.0203,0.0201,0.0207,0.0225,0.0192,0.0211,0.0217,0.0218,0.0187,0.0212,0.02,0.0193,0.0196,0.0198,0.0188,0.0222,0.0183,0.019,0.0184,0.019,0.0226,0.021,0.02,0.0186,0.0213,0.02,0.0202,NA,0.0194,0.017,0.0214,0.0197,0.0172,0.0192,0.0188,0.0241
"v-93",0.0181,0.0179,0.0195,0.022,0.0205,0.0229,0.018,0.0227,0.0214,0.0196,0.0195,0.0208,0.0194,0.0217,0.0181,0.0216,0.0193,0.0221,0.0197,0.0218,0.0204,0.0185,0.0192,0.0185,0.02,0.018,0.0189,0.0202,0.0192,0.0205,0.0211,0.0173,0.0217,0.0237,0.02,0.0216,0.0199,0.0193,0.0214,0.0219,0.021,0.0213,0.018,0.0195,0.0216,0.0207,0.0205,0.0204,0.0206,0.0224,0.0189,0.0185,0.0209,0.0202,0.021,0.02,0.0196,0.0225,0.0194,0.0215,0.0215,0.0248,0.0184,0.0219,0.0196,0.0186,0.0178,0.0212,0.0212,0.0177,0.021,0.0193,0.0206,0.0208,0.021,0.0224,0.0214,0.0185,0.0181,0.019,0.0195,0.0219,0.019,0.0183,0.0174,0.018,0.0188,0.02,0.0182,0.0193,0.0183,0.0194,NA,0.0192,0.0176,0.0176,0.0205,0.0221,0.0186,0.0212
"v-94",0.021,0.0203,0.0212,0.0205,0.0207,0.0202,0.0161,0.0186,0.0189,0.0198,0.0191,0.0184,0.0198,0.0197,0.0185,0.0183,0.0209,0.0224,0.0209,0.0198,0.0184,0.0212,0.0206,0.0199,0.0172,0.0172,0.0215,0.019,0.0186,0.0194,0.0211,0.0202,0.0206,0.0203,0.0196,0.0185,0.0198,0.0209,0.0197,0.0186,0.0183,0.0203,0.0196,0.0203,0.0207,0.0208,0.0186,0.018,0.0212,0.019,0.0217,0.0188,0.0216,0.0176,0.0196,0.0173,0.0195,0.0197,0.0185,0.0215,0.0215,0.0203,0.0187,0.0195,0.0182,0.0194,0.021,0.0199,0.0204,0.0201,0.0177,0.0203,0.0196,0.0188,0.024,0.0192,0.0187,0.0224,0.0208,0.0212,0.0196,0.0237,0.0182,0.0184,0.0212,0.0179,0.0185,0.0205,0.0214,0.0195,0.0233,0.017,0.0192,NA,0.018,0.0199,0.0192,0.0202,0.0183,0.0197
"v-95",0.0202,0.02,0.0204,0.0185,0.0223,0.0233,0.0198,0.0194,0.0202,0.0184,0.0206,0.0173,0.0206,0.0207,0.0209,0.0208,0.0192,0.0199,0.0197,0.0196,0.0199,0.0201,0.0197,0.0218,0.0198,0.0218,0.0176,0.0212,0.0208,0.0195,0.02,0.0203,0.0174,0.0208,0.0225,0.0206,0.0209,0.0201,0.0226,0.0178,0.0186,0.0215,0.0219,0.018,0.0235,0.0195,0.0182,0.0204,0.0188,0.0199,0.0193,0.02,0.0202,0.0195,0.0187,0.0196,0.0202,0.0206,0.0189,0.0234,0.0207,0.0206,0.0182,0.02,0.0173,0.0209,0.02,0.0178,0.0183,0.0195,0.0163,0.0186,0.0197,0.0188,0.0202,0.0201,0.0188,0.0172,0.0195,0.0213,0.0221,0.0206,0.0192,0.0189,0.022,0.0199,0.0198,0.0211,0.019,0.0217,0.021,0.0214,0.0176,0.018,NA,0.0191,0.0218,0.0191,0.0185,0.0211
"v-96",0.0214,0.0208,0.0186,0.0173,0.019,0.0203,0.0216,0.0207,0.0223,0.0206,0.0214,0.0179,0.0197,0.0199,0.0217,0.0215,0.0203,0.0228,0.0189,0.0178,0.0196,0.0206,0.0202,0.0194,0.0217,0.02,0.0194,0.0207,0.0202,0.0194,0.0201,0.0216,0.0182,0.0203,0.0223,0.0183,0.0219,0.0216,0.0215,0.0177,0.0211,0.0173,0.019,0.022,0.0203,0.0184,0.0172,0.0184,0.0224,0.0183,0.0204,0.0204,0.021,0.0197,0.0198,0.0211,0.018,0.0188,0.0199,0.0195,0.0187,0.0219,0.0209,0.0189,0.02,0.02,0.0145,0.0204,0.0212,0.0203,0.0196,0.0196,0.0208,0.0239,0.0209,0.0204,0.0208,0.0179,0.0203,0.0195,0.0179,0.0207,0.0181,0.0212,0.0201,0.0206,0.019,0.0207,0.0222,0.0187,0.0211,0.0197,0.0176,0.0199,0.0191,NA,0.0229,0.0191,0.0213,0.0199
"v-97",0.0222,0.02,0.0204,0.0171,0.0184,0.0187,0.0192,0.0214,0.0195,0.0192,0.0189,0.0217,0.0219,0.018,0.0201,0.0216,0.0208,0.0193,0.0212,0.0194,0.0217,0.0199,0.0228,0.0221,0.0211,0.0214,0.0253,0.0193,0.0188,0.0184,0.0195,0.0183,0.0189,0.0186,0.022,0.0187,0.0215,0.0193,0.0193,0.0221,0.0209,0.0217,0.0227,0.0189,0.0214,0.02,0.0212,0.0194,0.0193,0.0203,0.0243,0.0182,0.0191,0.0208,0.0198,0.0206,0.0193,0.0186,0.0204,0.0192,0.0207,0.0182,0.0171,0.0199,0.0211,0.0216,0.0224,0.0205,0.0175,0.0213,0.019,0.0209,0.0196,0.0197,0.0189,0.0198,0.0188,0.0188,0.0207,0.0198,0.0213,0.02,0.0226,0.0219,0.0202,0.0213,0.0201,0.0208,0.0205,0.024,0.021,0.0172,0.0205,0.0192,0.0218,0.0229,NA,0.0224,0.0211,0.0192
"v-98",0.0213,0.018,0.0228,0.0211,0.0202,0.0215,0.0215,0.0202,0.0187,0.0193,0.0204,0.0202,0.0188,0.0229,0.018,0.0221,0.0181,0.0206,0.0196,0.0212,0.0188,0.0202,0.0199,0.0212,0.0199,0.0215,0.0181,0.0199,0.0212,0.02,0.0205,0.0202,0.0199,0.0216,0.0201,0.0249,0.0188,0.0185,0.0218,0.0211,0.0225,0.0196,0.0181,0.0218,0.0204,0.0211,0.0216,0.0212,0.0211,0.0209,0.0196,0.0196,0.0211,0.0193,0.0184,0.0207,0.0196,0.0198,0.0194,0.0211,0.0205,0.0207,0.0227,0.0167,0.0175,0.0212,0.018,0.0206,0.0215,0.0186,0.0202,0.0208,0.0195,0.0198,0.0203,0.0208,0.0231,0.0186,0.017,0.0205,0.0228,0.0193,0.0189,0.0216,0.0189,0.0172,0.0214,0.0178,0.0202,0.0201,0.0191,0.0192,0.0221,0.0202,0.0191,0.0191,0.0224,NA,0.0194,0.021
"v-99",0.0208,0.0228,0.0202,0.0232,0.022,0.0227,0.0198,0.0213,0.0193,0.0201,0.0198,0.0193,0.0204,0.0194,0.0181,0.0214,0.0193,0.0174,0.02,0.0183,0.0192,0.02,0.02,0.0191,0.0201,0.0194,0.0199,0.0179,0.0197,0.0198,0.0219,0.0176,0.021,0.0231,0.0188,0.0174,0.0223,0.0212,0.0194,0.0232,0.0203,0.0205,0.0197,0.0197,0.0197,0.0194,0.0207,0.0198,0.0207,0.0203,0.0199,0.0207,0.0208,0.0209,0.0195,0.0191,0.0201,0.0219,0.0207,0.0201,0.0197,0.0194,0.0231,0.0188,0.0206,0.0214,0.0193,0.0187,0.0203,0.0213,0.0199,0.0194,0.0188,0.0157,0.0175,0.0188,0.0191,0.0184,0.0199,0.0201,0.0197,0.0199,0.0192,0.0181,0.0217,0.0188,0.0228,0.0212,0.0204,0.0183,0.019,0.0188,0.0186,0.0183,0.0185,0.0213,0.0211,0.0194,NA,0.0182
"v-100",0.0206,0.0186,0.0182,0.0213,0.0206,0.0201,0.0194,0.0187,0.0211,0.0194,0.0185,0.0192,0.0201,0.0211,0.019,0.018,0.0196,0.0194,0.0221,0.0211,0.0186,0.0214,0.0218,0.0209,0.0186,0.0208,0.0194,0.0207,0.0209,0.0209,0.0227,0.0194,0.0246,0.0218,0.0212,0.0212,0.0211,0.0198,0.0207,0.0189,0.0188,0.0198,0.0198,0.0207,0.0219,0.0187,0.0209,0.0199,0.0214,0.02,0.0194,0.0197,0.0232,0.0192,0.0212,0.019,0.0197,0.0201,0.0209,0.0212,0.0194,0.0211,0.0227,0.0183,0.0211,0.0205,0.019,0.0209,0.0218,0.0189,0.0223,0.0214,0.0173,0.0202,0.0215,0.0219,0.0214,0.0191,0.0198,0.0218,0.0197,0.0199,0.0203,0.0189,0.0213,0.0191,0.0205,0.0223,0.0221,0.0209,0.0191,0.0241,0.0212,0.0197,0.0211,0.0199,0.0192,0.021,0.0182,NA
